card_id,block,work,location,retrieval_text,distinction,situation,layer_version,basis
C0001,Бхагавад-гита,Бхагавад-гита,1.33,"Победа, власть и удовольствие теряют ценность, если их приходится покупать гибелью тех, ради кого их и желали. Арджуна видит в рядах противника родных и учителей, и цель войны рушится изнутри: блага ценны не сами по себе, а через людей, для которых они предназначались. Так бывает, когда достигнутая цель обесценивается, потому что её цена — вред тем, ради кого к ней шли.","Победа, власть и удовольствие теряют ценность, если их приходится покупать гибелью тех, ради кого их и желали. Арджуна видит в рядах противника родных и учителей, и цель войны рушится изнутри: блага ценны не сами по себе, а через людей, для которых они предназначались.","Так бывает, когда достигнутая цель обесценивается, потому что её цена — вред тем, ради кого к ней шли.",retrieval-layer/v1-block1,verified quote + philosophical_move
C0002,Бхагавад-гита,Бхагавад-гита,2.7,"Сострадание и смятение так сбивают ум, что человек перестаёт видеть свой долг (дхарму) и не знает, где благо. Он прямо признаёт эту растерянность и становится учеником: не знаю, как правильно, — научи. Состояние, когда сочувствие и привязанность к людям парализуют решение и человек не знает, как поступить правильно.","Сострадание и смятение так сбивают ум, что человек перестаёт видеть свой долг (дхарму) и не знает, где благо. Он прямо признаёт эту растерянность и становится учеником: не знаю, как правильно, — научи.","Состояние, когда сочувствие и привязанность к людям парализуют решение и человек не знает, как поступить правильно.",retrieval-layer/v1-block1,verified quote + philosophical_move
C0003,Бхагавад-гита,Бхагавад-гита,2.17,"Различие между тем, что разрушается, и тем, что пронизывает весь мир и не может быть уничтожено. Скорбь о гибели относится к преходящему, а непреходящее начало уничтожить никто не может. Касается горя об утрате и страха конца: что именно гибнет, а что уничтожить нельзя.","Различие между тем, что разрушается, и тем, что пронизывает весь мир и не может быть уничтожено. Скорбь о гибели относится к преходящему, а непреходящее начало уничтожить никто не может.","Касается горя об утрате и страха конца: что именно гибнет, а что уничтожить нельзя.",retrieval-layer/v1-block1,verified quote + philosophical_move
C0004,Бхагавад-гита,Бхагавад-гита,2.38,"Победу и поражение, радость и боль, приобретение и потерю уравнивают до начала действия: битву начинают, не ставя её смысл в зависимость от исхода. Тогда исполнение своего долга не пятнает действующего, каким бы ни оказался результат. Когда от исхода зависит так много, что страх проигрыша мешает начать то, что должен сделать.","Победу и поражение, радость и боль, приобретение и потерю уравнивают до начала действия: битву начинают, не ставя её смысл в зависимость от исхода. Тогда исполнение своего долга не пятнает действующего, каким бы ни оказался результат.","Когда от исхода зависит так много, что страх проигрыша мешает начать то, что должен сделать.",retrieval-layer/v1-block1,verified quote + philosophical_move
C0005,Бхагавад-гита,Бхагавад-гита,2.47,"Действие и его плод различены: человек направлен на само действие, но плоды не должны его увлекать и становиться его целью. Отказ от привязанности к результату не превращается в оправдание бездействия — бездействие тоже названо оковами. Касается любого дела, в которое вложены силы без гарантии успеха: делать — в твоей власти, итог тебе не принадлежит, но и бросить дело это не позволяет.","Действие и его плод различены: человек направлен на само действие, но плоды не должны его увлекать и становиться его целью. Отказ от привязанности к результату не превращается в оправдание бездействия — бездействие тоже названо оковами.","Касается любого дела, в которое вложены силы без гарантии успеха: делать — в твоей власти, итог тебе не принадлежит, но и бросить дело это не позволяет.",retrieval-layer/v1-block1,verified quote + philosophical_move
C0006,Бхагавад-гита,Бхагавад-гита,2.56,"Устойчивое знание узнаётся по неколеблемости: в страданиях сердце не дрожит, в удовольствиях нет вожделения, нет страсти, гнева и страха. Мудрость понята не как мнение, а как состояние, которое не раскачивают приятное и неприятное. Устойчивость, которой не нужна удача: страх, гнев и жажда удовольствия не управляют решениями.","Устойчивое знание узнаётся по неколеблемости: в страданиях сердце не дрожит, в удовольствиях нет вожделения, нет страсти, гнева и страха. Мудрость понята не как мнение, а как состояние, которое не раскачивают приятное и неприятное.","Устойчивость, которой не нужна удача: страх, гнев и жажда удовольствия не управляют решениями.",retrieval-layer/v1-block1,verified quote + philosophical_move
C0007,Бхагавад-гита,Бхагавад-гита,2.62,"Цепь от внимания к страсти: о чём постоянно думаешь, к тому привязываешься, из привязанности рождается вожделение, а из вожделения — гнев. Привязанность вырастает из повторяемого вращения предмета в уме. Показывает, как навязчивая мысль о желанном постепенно превращается в зависимость, а затем в раздражение и гнев.","Цепь от внимания к страсти: о чём постоянно думаешь, к тому привязываешься, из привязанности рождается вожделение, а из вожделения — гнев. Привязанность вырастает из повторяемого вращения предмета в уме.","Показывает, как навязчивая мысль о желанном постепенно превращается в зависимость, а затем в раздражение и гнев.",retrieval-layer/v1-block1,verified quote + philosophical_move
C0008,Бхагавад-гита,Бхагавад-гита,3.8,"Неизбежное действие лучше бездействия: отрешиться от действий полностью нельзя, без них не проживёт даже тело. Уход от действия не делает человека свободнее, а лишь оставляет несделанным то, что сделать всё равно необходимо. Против ухода в бездействие, когда долг тяготит: отказ действовать не освобождает.","Неизбежное действие лучше бездействия: отрешиться от действий полностью нельзя, без них не проживёт даже тело. Уход от действия не делает человека свободнее, а лишь оставляет несделанным то, что сделать всё равно необходимо.","Против ухода в бездействие, когда долг тяготит: отказ действовать не освобождает.",retrieval-layer/v1-block1,verified quote + philosophical_move
C0009,Бхагавад-гита,Бхагавад-гита,3.21,"Что делает лучший, то начинают делать и другие: он даёт пример своими делами, и ему подражают. Ценность поступка определяется не только его прямым результатом, но и тем, какой образец он задаёт окружающим. Касается тех, на кого смотрят другие: их поступки становятся образцом независимо от намерений.","Что делает лучший, то начинают делать и другие: он даёт пример своими делами, и ему подражают. Ценность поступка определяется не только его прямым результатом, но и тем, какой образец он задаёт окружающим.","Касается тех, на кого смотрят другие: их поступки становятся образцом независимо от намерений.",retrieval-layer/v1-block1,verified quote + philosophical_move
C0010,Бхагавад-гита,Бхагавад-гита,3.28,"Знающий отличает себя (атман) от действующих сил природы — гун: «это гуны вращаются в гунах». Человек перестаёт считать себя единственным автором всего, что через него происходит, и в этом остаётся свободным. Помогает, когда человек считает себя единственной причиной всего, что делает и что с ним происходит.","Знающий отличает себя (атман) от действующих сил природы — гун: «это гуны вращаются в гунах». Человек перестаёт считать себя единственным автором всего, что через него происходит, и в этом остаётся свободным.","Помогает, когда человек считает себя единственной причиной всего, что делает и что с ним происходит.",retrieval-layer/v1-block1,verified quote + philosophical_move
C0011,Бхагавад-гита,Бхагавад-гита,3.35,"Лучше несовершенно исполнять свой собственный долг (дхарму), чем преуспеть в чужом: чужой путь опасен, а гибель на своём пути — благо. Выбор пути решается тем, чей это путь, а не шансами на успех. Касается выбора между своим путём и чужим, который выглядит выигрышнее и надёжнее.","Лучше несовершенно исполнять свой собственный долг (дхарму), чем преуспеть в чужом: чужой путь опасен, а гибель на своём пути — благо. Выбор пути решается тем, чей это путь, а не шансами на успех.","Касается выбора между своим путём и чужим, который выглядит выигрышнее и надёжнее.",retrieval-layer/v1-block1,verified quote + philosophical_move
C0012,Бхагавад-гита,Бхагавад-гита,3.36,"Вопрос о силе, которая толкает человека на дурной поступок словно против его воли: человек будто не хочет, но совершает. Ответ Гиты — вожделение и гнев, которые закрывают знание изнутри. О поступках, которые совершаешь будто вопреки себе, не понимая потом, что тобой двигало.","Вопрос о силе, которая толкает человека на дурной поступок словно против его воли: человек будто не хочет, но совершает. Ответ Гиты — вожделение и гнев, которые закрывают знание изнутри.","О поступках, которые совершаешь будто вопреки себе, не понимая потом, что тобой двигало.",retrieval-layer/v1-block1,verified quote + philosophical_move
C0013,Бхагавад-гита,Бхагавад-гита,4.17,"Что такое действие, что — недолжное действие и что — недеяние, трудно понять даже мудрым: суть действия исполнена тайны. Внешняя активность и внешний покой ещё не говорят, что на самом деле совершается и чем человек связан. Когда неясно, что на самом деле является действием: бурная занятость может быть пустой, а внешний покой — делом.","Что такое действие, что — недолжное действие и что — недеяние, трудно понять даже мудрым: суть действия исполнена тайны. Внешняя активность и внешний покой ещё не говорят, что на самом деле совершается и чем человек связан.","Когда неясно, что на самом деле является действием: бурная занятость может быть пустой, а внешний покой — делом.",retrieval-layer/v1-block1,verified quote + philosophical_move
C0014,Бхагавад-гита,Бхагавад-гита,5.1,"Спор о двух путях: отказаться от действий совсем или действовать, не привязываясь к плодам (карма-йога). Арджуна слышит похвалу обоим и просит ясного ответа; Гита отдаёт предпочтение действию без привязанности перед простым прекращением действий. Выбор между тем, чтобы совсем уйти от дел, и тем, чтобы продолжать действовать, не гонясь за плодами.","Спор о двух путях: отказаться от действий совсем или действовать, не привязываясь к плодам (карма-йога). Арджуна слышит похвалу обоим и просит ясного ответа; Гита отдаёт предпочтение действию без привязанности перед простым прекращением действий.","Выбор между тем, чтобы совсем уйти от дел, и тем, чтобы продолжать действовать, не гонясь за плодами.",retrieval-layer/v1-block1,verified quote + philosophical_move
C0015,Бхагавад-гита,Бхагавад-гита,5.18,"Знающий одинаково видит учёного брахмана, корову, слона, собаку и того, кто ест собак: различия касты и вида перестают определять ценность того, кто перед ним. Против оценки живых существ и людей по статусу, происхождению и положению.","Знающий одинаково видит учёного брахмана, корову, слона, собаку и того, кто ест собак: различия касты и вида перестают определять ценность того, кто перед ним.","Против оценки живых существ и людей по статусу, происхождению и положению.",retrieval-layer/v1-block1,verified quote + philosophical_move
C0016,Бхагавад-гита,Бхагавад-гита,6.5,"Человек сам себе друг и сам себе враг: поднять себя или уронить может только он сам. Отношение к себе описано не как данность, а как то, что человек делает с самим собой. О внутренней борьбе с собой: человек может поддерживать себя или сам себя разрушать.","Человек сам себе друг и сам себе враг: поднять себя или уронить может только он сам. Отношение к себе описано не как данность, а как то, что человек делает с самим собой.",О внутренней борьбе с собой: человек может поддерживать себя или сам себя разрушать.,retrieval-layer/v1-block1,verified quote + philosophical_move
C0017,Бхагавад-гита,Бхагавад-гита,6.32,"Высший йогин во всех бесчисленных существах видит один и тот же Атман и распространяет этот равный взгляд и на их боль, и на их радость. Чужое страдание и чужая радость перестают быть чужими. О сочувствии, которое не делит существа на своих и чужих: боль другого переживается как своя.","Высший йогин во всех бесчисленных существах видит один и тот же Атман и распространяет этот равный взгляд и на их боль, и на их радость. Чужое страдание и чужая радость перестают быть чужими.","О сочувствии, которое не делит существа на своих и чужих: боль другого переживается как своя.",retrieval-layer/v1-block1,verified quote + philosophical_move
C0018,Бхагавад-гита,Бхагавад-гита,6.35,"Ум действительно изменчив и нестоек — Кришна признаёт возражение ученика правдой. И всё же его можно обуздать двумя средствами: упражнением и бесстрастием. Трудность признана, но не делает задачу невозможной. Когда ум не слушается, мысли скачут и кажется, что устойчивость недостижима.","Ум действительно изменчив и нестоек — Кришна признаёт возражение ученика правдой. И всё же его можно обуздать двумя средствами: упражнением и бесстрастием. Трудность признана, но не делает задачу невозможной.","Когда ум не слушается, мысли скачут и кажется, что устойчивость недостижима.",retrieval-layer/v1-block1,verified quote + philosophical_move
C0019,Бхагавад-гита,Бхагавад-гита,12.11,"Лестница путей: если человек не способен к более высокому усилию, ему предлагается более доступная ступень — отказываться от плодов своих действий. Неспособность к одному способу не закрывает путь, а переводит на другую ступень. Когда высокая цель непосильна и кажется, что раз не получается главное, то не получится ничего.","Лестница путей: если человек не способен к более высокому усилию, ему предлагается более доступная ступень — отказываться от плодов своих действий. Неспособность к одному способу не закрывает путь, а переводит на другую ступень.","Когда высокая цель непосильна и кажется, что раз не получается главное, то не получится ничего.",retrieval-layer/v1-block1,verified quote + philosophical_move
C0020,Бхагавад-гита,Бхагавад-гита,12.18,"Ровность к ненавистнику и к другу, к чести и бесчестью, к горю и радости, к холоду и зною: человек ничем внешним не связан, и противоположности не перетягивают его то в одну, то в другую сторону. О зависимости от похвалы и порицания, от друзей и недругов, от удобства и неудобства.","Ровность к ненавистнику и к другу, к чести и бесчестью, к горю и радости, к холоду и зною: человек ничем внешним не связан, и противоположности не перетягивают его то в одну, то в другую сторону.","О зависимости от похвалы и порицания, от друзей и недругов, от удобства и неудобства.",retrieval-layer/v1-block1,verified quote + philosophical_move
C0021,Бхагавад-гита,Бхагавад-гита,14.12,"Когда раджас — страстное, деятельное начало природы — разрастается сверх меры, появляются жадность, озабоченность, вожделение, суета и сама тяга начинать всё новые дела. Беспокойная деятельность понята как состояние природы, а не как достоинство. Описывает лихорадочную занятость: человек хватается за всё новые дела, жаден и не находит покоя.","Когда раджас — страстное, деятельное начало природы — разрастается сверх меры, появляются жадность, озабоченность, вожделение, суета и сама тяга начинать всё новые дела. Беспокойная деятельность понята как состояние природы, а не как достоинство.","Описывает лихорадочную занятость: человек хватается за всё новые дела, жаден и не находит покоя.",retrieval-layer/v1-block1,verified quote + philosophical_move
C0022,Бхагавад-гита,Бхагавад-гита,14.19,"Кто не видит иного деятеля, кроме сил природы (гун), и знает Того, кто выше их, тот приходит к высшему состоянию. Действуют гуны; освобождение — в том, чтобы видеть это и знать запредельное им. О выходе из отождествления с собственными склонностями и порывами.","Кто не видит иного деятеля, кроме сил природы (гун), и знает Того, кто выше их, тот приходит к высшему состоянию. Действуют гуны; освобождение — в том, чтобы видеть это и знать запредельное им.",О выходе из отождествления с собственными склонностями и порывами.,retrieval-layer/v1-block1,verified quote + philosophical_move
C0023,Бхагавад-гита,Бхагавад-гита,16.21,"Вожделение, злоба и жадность названы тройными вратами гибели, через которые человек губит свою душу. Гита связывает их с картиной «я», выстроенной на богатстве, власти, сравнении с другими и планах дальнейшего приобретения. О желании обладать, озлоблении и жадности, когда человек строит себя на богатстве, власти и сравнении с другими.","Вожделение, злоба и жадность названы тройными вратами гибели, через которые человек губит свою душу. Гита связывает их с картиной «я», выстроенной на богатстве, власти, сравнении с другими и планах дальнейшего приобретения.","О желании обладать, озлоблении и жадности, когда человек строит себя на богатстве, власти и сравнении с другими.",retrieval-layer/v1-block1,verified quote + philosophical_move
C0024,Бхагавад-гита,Бхагавад-гита,17.3,"Человек состоит из своей веры: то, чему он верит и что ставит выше всего, соответствует его внутренней сути и определяет, каков он. Вера здесь — не мнение о чём-то, а то, из чего человек сделан. О том, что человек становится тем, во что он действительно верит и чему отдаёт главное доверие.","Человек состоит из своей веры: то, чему он верит и что ставит выше всего, соответствует его внутренней сути и определяет, каков он. Вера здесь — не мнение о чём-то, а то, из чего человек сделан.","О том, что человек становится тем, во что он действительно верит и чему отдаёт главное доверие.",retrieval-layer/v1-block1,verified quote + philosophical_move
C0025,Бхагавад-гита,Бхагавад-гита,18.23,"«Светлым» (саттвичным) названо действие, совершённое ради долга, без любви и ненависти и без привязанности к результатам. Качество действия определяется тем, из чего оно совершается, а Гита отличает его от действия из желания и самости и от действия без оглядки на последствия. Об оценке поступка по тому, из чего он совершён: из долга, из желания выгоды или без оглядки на последствия.","«Светлым» (саттвичным) названо действие, совершённое ради долга, без любви и ненависти и без привязанности к результатам. Качество действия определяется тем, из чего оно совершается, а Гита отличает его от действия из желания и самости и от действия без оглядки на последствия.","Об оценке поступка по тому, из чего он совершён: из долга, из желания выгоды или без оглядки на последствия.",retrieval-layer/v1-block1,verified quote + philosophical_move
C0026,Бхагавад-гита,Бхагавад-гита,18.30,"Ясный разум (саттва) знает, что должно и что не должно, где смелость и где страх, где действие и где недеяние, что сковывает и что освобождает. Сама способность так различать бывает ясной, смешанной или перевёрнутой. Когда человек путает страх со смелостью или свободу со скованностью и не видит этой путаницы.","Ясный разум (саттва) знает, что должно и что не должно, где смелость и где страх, где действие и где недеяние, что сковывает и что освобождает. Сама способность так различать бывает ясной, смешанной или перевёрнутой.",Когда человек путает страх со смелостью или свободу со скованностью и не видит этой путаницы.,retrieval-layer/v1-block1,verified quote + philosophical_move
C0027,Бхагавад-гита,Бхагавад-гита,18.39,"«Тёмная» радость ослепляет и в начале, и в конце; её источники — сон, вялость и небрежность. Гита различает радости по тому, куда они ведут: трудную вначале и освобождающую потом, сладкую вначале и ядовитую потом, и ослепляющую с начала до конца. О привычных удовольствиях, которые незаметно притупляют: сон, вялость, небрежность.","«Тёмная» радость ослепляет и в начале, и в конце; её источники — сон, вялость и небрежность. Гита различает радости по тому, куда они ведут: трудную вначале и освобождающую потом, сладкую вначале и ядовитую потом, и ослепляющую с начала до конца.","О привычных удовольствиях, которые незаметно притупляют: сон, вялость, небрежность.",retrieval-layer/v1-block1,verified quote + philosophical_move
C0028,Бхагавад-гита,Бхагавад-гита,18.47,"Даже полный успех на чужом поприще бесполезен; исполняя законы собственной природы, человек себя не пятнает. Мерой служит соответствие дела своей природе, а не достигнутый результат. Когда сравнение с чужими успехами уводит человека с пути, который соответствует его природе.","Даже полный успех на чужом поприще бесполезен; исполняя законы собственной природы, человек себя не пятнает. Мерой служит соответствие дела своей природе, а не достигнутый результат.","Когда сравнение с чужими успехами уводит человека с пути, который соответствует его природе.",retrieval-layer/v1-block1,verified quote + philosophical_move
C0029,Бхагавад-гита,Бхагавад-гита,18.63,"Наставник передаёт тайное знание и оставляет решение ученику: «обдумай всесторонне, а затем поступай, как желаешь». Знание не отменяет свободы выбора, а предшествует ему. О праве решать самому после того, как получил совет или знание.","Наставник передаёт тайное знание и оставляет решение ученику: «обдумай всесторонне, а затем поступай, как желаешь». Знание не отменяет свободы выбора, а предшествует ему.","О праве решать самому после того, как получил совет или знание.",retrieval-layer/v1-block1,verified quote + philosophical_move
C0030,Бхагавад-гита,Бхагавад-гита,18.73,"Сомнения уходят не потому, что изменились обстоятельства, а потому, что вернулась ясность: ослепление закончилось, разум вернулся, и человек твёрдо готов действовать. О выходе из долгого колебания к решимости, когда сомнения рассеиваются.","Сомнения уходят не потому, что изменились обстоятельства, а потому, что вернулась ясность: ослепление закончилось, разум вернулся, и человек твёрдо готов действовать.","О выходе из долгого колебания к решимости, когда сомнения рассеиваются.",retrieval-layer/v1-block1,verified quote + philosophical_move
C0031,Бхагавад-гита,Бхагавад-гита,2.14,"Жар и холод, страдание и радость возникают от соприкосновения с внешними предметами и потому непостоянны: они приходят и уходят. Их предлагается переносить ровно, не делая из них основания. Помогает переносить боль и неприятное, помня, что ощущения приходят и уходят.","Жар и холод, страдание и радость возникают от соприкосновения с внешними предметами и потому непостоянны: они приходят и уходят. Их предлагается переносить ровно, не делая из них основания.","Помогает переносить боль и неприятное, помня, что ощущения приходят и уходят.",retrieval-layer/v1-block1,verified quote (move is a reserve label)
C0032,Бхагавад-гита,Бхагавад-гита,2.57,"Мудрость стойка у того, кто отрёкся от вожделений и, получив благое или дурное, не ликует и не тоскует: исход дела не поднимает и не роняет его. Об отношении к удачам и неудачам: не возноситься от успеха и не падать духом от провала.","Мудрость стойка у того, кто отрёкся от вожделений и, получив благое или дурное, не ликует и не тоскует: исход дела не поднимает и не роняет его.",Об отношении к удачам и неудачам: не возноситься от успеха и не падать духом от провала.,retrieval-layer/v1-block1,verified quote (move is a reserve label)
C0033,Бхагавад-гита,Бхагавад-гита,4.34,"Знание о сути получают вопрошанием, смиренным почтением и служением: наставят те, кто знает и видит истину. Путь к такому знанию проходит через вопрос и учителя, а не только через собственное рассуждение. О поиске наставника и готовности учиться, задавая вопросы и служа.","Знание о сути получают вопрошанием, смиренным почтением и служением: наставят те, кто знает и видит истину. Путь к такому знанию проходит через вопрос и учителя, а не только через собственное рассуждение.","О поиске наставника и готовности учиться, задавая вопросы и служа.",retrieval-layer/v1-block1,verified quote (move is a reserve label)
C0034,Бхагавад-гита,Бхагавад-гита,5.22,"Наслаждения, рождённые соприкосновением с внешним миром, сами несут в себе страдание, потому что у них есть начало и конец. Мудрый не ищет в них отрады: они приходят и уходят. Когда погоня за удовольствиями оставляет разочарование и пустоту.","Наслаждения, рождённые соприкосновением с внешним миром, сами несут в себе страдание, потому что у них есть начало и конец. Мудрый не ищет в них отрады: они приходят и уходят.",Когда погоня за удовольствиями оставляет разочарование и пустоту.,retrieval-layer/v1-block1,verified quote (move is a reserve label)
C0035,Бхагавад-гита,Бхагавад-гита,9.27,"Всё, что делаешь — ешь, жертвуешь, даришь, совершаешь подвиг, — делай как приношение Высшему. Смысл действия меняется от того, кому оно посвящено, а не от его масштаба. О том, как обычные повседневные дела наполняются смыслом через то, кому они посвящены.","Всё, что делаешь — ешь, жертвуешь, даришь, совершаешь подвиг, — делай как приношение Высшему. Смысл действия меняется от того, кому оно посвящено, а не от его масштаба.","О том, как обычные повседневные дела наполняются смыслом через то, кому они посвящены.",retrieval-layer/v1-block1,verified quote (move is a reserve label)
C0036,Бхагавад-гита,Бхагавад-гита,13.11,"Знание отличается от незнания постоянной обращённостью к атману и стремлением постичь суть; всё прочее, сколько бы его ни было, названо незнанием. Мерой знания служит направленность, а не количество сведений. О различии между количеством сведений и подлинным пониманием главного.","Знание отличается от незнания постоянной обращённостью к атману и стремлением постичь суть; всё прочее, сколько бы его ни было, названо незнанием. Мерой знания служит направленность, а не количество сведений.",О различии между количеством сведений и подлинным пониманием главного.,retrieval-layer/v1-block1,verified quote (move is a reserve label)
C0037,Бхагавад-гита,Бхагавад-гита,13.29,"Истинно видит тот, кто понимает: действия всюду совершает природа (пракрити), а Атман пребывает в недеянии. Себя он узнаёт не в исполнителе действий, а в том, что не действует. Когда человек целиком отождествляет себя со своими действиями и их последствиями.","Истинно видит тот, кто понимает: действия всюду совершает природа (пракрити), а Атман пребывает в недеянии. Себя он узнаёт не в исполнителе действий, а в том, что не действует.",Когда человек целиком отождествляет себя со своими действиями и их последствиями.,retrieval-layer/v1-block1,verified quote (move is a reserve label)
C0038,Бхагавад-гита,Бхагавад-гита,16.3,"Перечень качеств тех, кто рождён для «божественной доли»: чистота, сила, стойкость, терпение, дружелюбие, отсутствие гордыни. Характер описан как набор свойств, с которыми человек рождается и которые соединяет в себе. О чертах благородного характера, где сила соединена с терпением, дружелюбием и отсутствием гордыни.","Перечень качеств тех, кто рождён для «божественной доли»: чистота, сила, стойкость, терпение, дружелюбие, отсутствие гордыни. Характер описан как набор свойств, с которыми человек рождается и которые соединяет в себе.","О чертах благородного характера, где сила соединена с терпением, дружелюбием и отсутствием гордыни.",retrieval-layer/v1-block1,verified quote (move is a reserve label)
C0039,Бхагавад-гита,Бхагавад-гита,16.21,"Три врата, ведущие к гибели, — вожделение, злоба и жадность; их следует избегать, потому что они разрушают того, кто через них проходит. О разрушительной силе неутолимого желания, злобы и жадности.","Три врата, ведущие к гибели, — вожделение, злоба и жадность; их следует избегать, потому что они разрушают того, кто через них проходит.","О разрушительной силе неутолимого желания, злобы и жадности.",retrieval-layer/v1-block1,verified quote (move is a reserve label)
C0040,Бхагавад-гита,Бхагавад-гита,18.33,"Постоянство бывает разным; «светлым» названо то, что удерживает в собранности чувства, жизненные силы (праны) и ум. Стойкость различается по тому, что именно она удерживает. О разных видах упорства: стойкость, собирающая ум и чувства, отлична от других видов постоянства.","Постоянство бывает разным; «светлым» названо то, что удерживает в собранности чувства, жизненные силы (праны) и ум. Стойкость различается по тому, что именно она удерживает.","О разных видах упорства: стойкость, собирающая ум и чувства, отлична от других видов постоянства.",retrieval-layer/v1-block1,verified quote (move is a reserve label)
C0041,Дао дэ цзин,Дао дэ цзин,Чжан 1,"Путь, который можно пройти, — не постоянный Путь, и имя, которое можно назвать, — не постоянное имя: окончательно названное уже не совпадает с тем, что есть. Отсутствие желания и желание дают два разных способа видеть одно и то же. О пределах слов и понятий, когда главное не удаётся выразить.","Путь, который можно пройти, — не постоянный Путь, и имя, которое можно назвать, — не постоянное имя: окончательно названное уже не совпадает с тем, что есть. Отсутствие желания и желание дают два разных способа видеть одно и то же.","О пределах слов и понятий, когда главное не удаётся выразить.",retrieval-layer/v1-block1,verified quote + philosophical_move
C0042,Дао дэ цзин,Дао дэ цзин,Чжан 2,"Как только все признают прекрасное прекрасным, появляется безобразное; как только добро провозглашено добром, оно перестаёт быть добром. Оценки рождаются парами, и утверждение одной стороны вызывает к жизни другую, поэтому мудрец действует недеянием. О противоположностях, которые порождают друг друга, как только утверждают одну сторону.","Как только все признают прекрасное прекрасным, появляется безобразное; как только добро провозглашено добром, оно перестаёт быть добром. Оценки рождаются парами, и утверждение одной стороны вызывает к жизни другую, поэтому мудрец действует недеянием.","О противоположностях, которые порождают друг друга, как только утверждают одну сторону.",retrieval-layer/v1-block1,verified quote + philosophical_move
C0043,Дао дэ цзин,Дао дэ цзин,Чжан 3,"Почитание мудрецов порождает ссоры, а высокая цена редких вещей — грабёж: само возвышение одних ценностей над другими производит соперничество и желание. О соперничестве и зависти, возникающих там, где что-то возвышают как особо ценное.","Почитание мудрецов порождает ссоры, а высокая цена редких вещей — грабёж: само возвышение одних ценностей над другими производит соперничество и желание.","О соперничестве и зависти, возникающих там, где что-то возвышают как особо ценное.",retrieval-layer/v1-block1,verified quote + philosophical_move
C0044,Дао дэ цзин,Дао дэ цзин,Чжан 7,"Мудрец ставит себя позади — и оказывается впереди; не заботясь о сохранении себя, он сохраняется. Отказ от самовыдвижения приносит то, чего нельзя добиться, стремясь к этому прямо. О скромности и отказе выдвигать себя, который неожиданно приносит то, чего не добиваются напрямую.","Мудрец ставит себя позади — и оказывается впереди; не заботясь о сохранении себя, он сохраняется. Отказ от самовыдвижения приносит то, чего нельзя добиться, стремясь к этому прямо.","О скромности и отказе выдвигать себя, который неожиданно приносит то, чего не добиваются напрямую.",retrieval-layer/v1-block1,verified quote + philosophical_move
C0045,Дао дэ цзин,Дао дэ цзин,Чжан 8,"Высшее благо подобно воде: она приносит пользу всем существам, ни с кем не враждуя, и занимает низкие места, которых люди избегают. О пользе без соперничества и готовности занимать низкое место.","Высшее благо подобно воде: она приносит пользу всем существам, ни с кем не враждуя, и занимает низкие места, которых люди избегают.",О пользе без соперничества и готовности занимать низкое место.,retrieval-layer/v1-block1,verified quote + philosophical_move
C0046,Дао дэ цзин,Дао дэ цзин,Чжан 9,"Кичась богатством и знатностью, человек сам навлекает на себя беду: переполненное не удержать, чрезмерно заточенное не сохранит остроты. Завершив дело, отойди. О неумении остановиться: накопленное и переполненное трудно удержать, а завершённое дело требует ухода.","Кичась богатством и знатностью, человек сам навлекает на себя беду: переполненное не удержать, чрезмерно заточенное не сохранит остроты. Завершив дело, отойди.","О неумении остановиться: накопленное и переполненное трудно удержать, а завершённое дело требует ухода.",retrieval-layer/v1-block1,verified quote + philosophical_move
C0047,Дао дэ цзин,Дао дэ цзин,Чжан 11,"Тридцать спиц сходятся в одной ступице, но пользу колесу даёт пустота в его середине; так и сосуд, и дом полезны пустым пространством внутри. Наличное даёт выгоду, а отсутствующее — саму возможность использования. О ценности пустоты, свободного места и отсутствия.","Тридцать спиц сходятся в одной ступице, но пользу колесу даёт пустота в его середине; так и сосуд, и дом полезны пустым пространством внутри. Наличное даёт выгоду, а отсутствующее — саму возможность использования.","О ценности пустоты, свободного места и отсутствия.",retrieval-layer/v1-block1,verified quote + philosophical_move
C0048,Дао дэ цзин,Дао дэ цзин,Чжан 12,"Пять цветов ослепляют глаза, пять звуков оглушают уши, пять вкусов притупляют рот: избыток ощущений и погоня за редким не обогащают восприятие, а лишают его. О перегрузке впечатлениями и удовольствиями, которая притупляет восприятие.","Пять цветов ослепляют глаза, пять звуков оглушают уши, пять вкусов притупляют рот: избыток ощущений и погоня за редким не обогащают восприятие, а лишают его.","О перегрузке впечатлениями и удовольствиями, которая притупляет восприятие.",retrieval-layer/v1-block1,verified quote + philosophical_move
C0049,Дао дэ цзин,Дао дэ цзин,Чжан 13,"Быть в почёте так же страшно, как быть в позоре: и слава, и унижение держат человека в тревоге, потому что делают его положение зависимым от чужого отношения. О тревоге, которую приносят и слава, и унижение, когда положение зависит от чужой оценки.","Быть в почёте так же страшно, как быть в позоре: и слава, и унижение держат человека в тревоге, потому что делают его положение зависимым от чужого отношения.","О тревоге, которую приносят и слава, и унижение, когда положение зависит от чужой оценки.",retrieval-layer/v1-block1,verified quote + philosophical_move
C0050,Дао дэ цзин,Дао дэ цзин,Чжан 15,"Мутная вода сама становится чистой, если дать ей отстояться; покоящееся оживает через постепенное движение. Ясность приходит не через усилие взбаламутить, а через покой и время. О ясности, которая приходит, если позволить смуте осесть, не торопя её.","Мутная вода сама становится чистой, если дать ей отстояться; покоящееся оживает через постепенное движение. Ясность приходит не через усилие взбаламутить, а через покой и время.","О ясности, которая приходит, если позволить смуте осесть, не торопя её.",retrieval-layer/v1-block1,verified quote + philosophical_move
C0051,Дао дэ цзин,Дао дэ цзин,Чжан 16,"Всё возникает и снова уходит, и каждое существо стремится вернуться к своему корню; возвращение к корню названо покоем. Покой здесь — не остановка, а возвращение к истоку постоянного. О покое как возвращении к истоку и корню.","Всё возникает и снова уходит, и каждое существо стремится вернуться к своему корню; возвращение к корню названо покоем. Покой здесь — не остановка, а возвращение к истоку постоянного.",О покое как возвращении к истоку и корню.,retrieval-layer/v1-block1,verified quote + philosophical_move
C0052,Дао дэ цзин,Дао дэ цзин,Чжан 17,"О лучшем правителе люди знают лишь то, что он есть; когда дело сделано, они говорят: всё произошло само собой. Высшее влияние почти незаметно и не присваивает себе результата. О руководстве и помощи, которые незаметны и не требуют признания.","О лучшем правителе люди знают лишь то, что он есть; когда дело сделано, они говорят: всё произошло само собой. Высшее влияние почти незаметно и не присваивает себе результата.","О руководстве и помощи, которые незаметны и не требуют признания.",retrieval-layer/v1-block1,verified quote + philosophical_move
C0053,Дао дэ цзин,Дао дэ цзин,Чжан 18,"Милосердие и справедливость появляются, когда великий Путь утрачен, а мудрость видна лишь там, где есть великая ложь. Громкие нравственные понятия — признак разлада, а не его отсутствия. О громкой морали как признаке утраты естественного порядка.","Милосердие и справедливость появляются, когда великий Путь утрачен, а мудрость видна лишь там, где есть великая ложь. Громкие нравственные понятия — признак разлада, а не его отсутствия.",О громкой морали как признаке утраты естественного порядка.,retrieval-layer/v1-block1,verified quote + philosophical_move
C0054,Дао дэ цзин,Дао дэ цзин,Чжан 19,"Отбросить показную мудрость, выгоду и демонстративную мораль, держаться безыскусной чистоты и первозданной простоты, умерять себялюбие и страсти — не прибавлять, а возвращаться к простому. О простоте и умерении желаний вместо показной правильности.","Отбросить показную мудрость, выгоду и демонстративную мораль, держаться безыскусной чистоты и первозданной простоты, умерять себялюбие и страсти — не прибавлять, а возвращаться к простому.",О простоте и умерении желаний вместо показной правильности.,retrieval-layer/v1-block1,verified quote + philosophical_move
C0055,Дао дэ цзин,Дао дэ цзин,Чжан 20,"Все вокруг шумно радуются, как на празднике, и только говорящий спокоен и безмолвен, как младенец, ещё не научившийся улыбаться. Отстранённость от общего ликования показана как особое состояние, а не как недостаток. Об отчуждённости среди всеобщего веселья и непохожести на остальных.","Все вокруг шумно радуются, как на празднике, и только говорящий спокоен и безмолвен, как младенец, ещё не научившийся улыбаться. Отстранённость от общего ликования показана как особое состояние, а не как недостаток.",Об отчуждённости среди всеобщего веселья и непохожести на остальных.,retrieval-layer/v1-block1,verified quote + philosophical_move
C0056,Дао дэ цзин,Дао дэ цзин,Чжан 22,"Ущербное станет целым, согнутое — прямым, пустое — полным. Недостаток здесь не просто отсутствие полноты, а её условие: не выставляющий себя становится заметным. О неполноте и ущербности как условии будущей целостности.","Ущербное станет целым, согнутое — прямым, пустое — полным. Недостаток здесь не просто отсутствие полноты, а её условие: не выставляющий себя становится заметным.",О неполноте и ущербности как условии будущей целостности.,retrieval-layer/v1-block1,verified quote + philosophical_move
C0057,Дао дэ цзин,Дао дэ цзин,Чжан 23,"Ураган не свирепствует целое утро, ливень не льёт весь день: даже сильнейшие природные напряжения недолговечны. Предельное усилие по самой своей природе не может длиться. О кратковременности бурных, предельных состояний.","Ураган не свирепствует целое утро, ливень не льёт весь день: даже сильнейшие природные напряжения недолговечны. Предельное усилие по самой своей природе не может длиться.","О кратковременности бурных, предельных состояний.",retrieval-layer/v1-block1,verified quote + philosophical_move
C0058,Дао дэ цзин,Дао дэ цзин,Чжан 24,"Кто стоит на цыпочках, долго не простоит; кто оставляет слишком отчётливые следы, далеко не уйдёт; кто выставляет и хвалит себя, не получает прочного признания. Усилие казаться больше подрывает устойчивость. О хвастовстве и самовыставлении, которые подрывают устойчивость.","Кто стоит на цыпочках, долго не простоит; кто оставляет слишком отчётливые следы, далеко не уйдёт; кто выставляет и хвалит себя, не получает прочного признания. Усилие казаться больше подрывает устойчивость.","О хвастовстве и самовыставлении, которые подрывают устойчивость.",retrieval-layer/v1-block1,verified quote + philosophical_move
C0059,Дао дэ цзин,Дао дэ цзин,Чжан 29,"Мир — священный сосуд, на него нельзя воздействовать по своей воле: воздействующий терпит поражение, хватающий теряет. Вещи то ведут, то следуют, усиливаются и слабеют, и попытка овладеть ими обречена. О попытке силой переделать мир и о потере того, что пытаешься схватить.","Мир — священный сосуд, на него нельзя воздействовать по своей воле: воздействующий терпит поражение, хватающий теряет. Вещи то ведут, то следуют, усиливаются и слабеют, и попытка овладеть ими обречена.","О попытке силой переделать мир и о потере того, что пытаешься схватить.",retrieval-layer/v1-block1,verified quote + philosophical_move
C0060,Дао дэ цзин,Дао дэ цзин,Чжан 30,"Достигнув должной цели, не гордиться, не превозноситься и не превращать результат в повод для силы. Дело заканчивается там, где цель достигнута, а не продолжается в самоутверждении. Об умении остановиться, достигнув цели, без гордости и самоутверждения.","Достигнув должной цели, не гордиться, не превозноситься и не превращать результат в повод для силы. Дело заканчивается там, где цель достигнута, а не продолжается в самоутверждении.","Об умении остановиться, достигнув цели, без гордости и самоутверждения.",retrieval-layer/v1-block1,verified quote + philosophical_move
C0061,Дао дэ цзин,Дао дэ цзин,Чжан 33,"Знать людей — мудрость, знать себя — просветлённость; побеждать себя — могущество; знать меру — богатство. Различены знание других и знание себя, сила над другими и власть над собой. О знании себя, власти над собой и умении довольствоваться.","Знать людей — мудрость, знать себя — просветлённость; побеждать себя — могущество; знать меру — богатство. Различены знание других и знание себя, сила над другими и власть над собой.","О знании себя, власти над собой и умении довольствоваться.",retrieval-layer/v1-block1,verified quote + philosophical_move
C0062,Дао дэ цзин,Дао дэ цзин,Чжан 36,"Чтобы что-то сжать, его прежде растягивают; чтобы ослабить — сначала усиливают. Предельное развитие предвещает обратное движение, и мягкое одолевает твёрдое. О том, что всякое предельное усиление предвещает спад.","Чтобы что-то сжать, его прежде растягивают; чтобы ослабить — сначала усиливают. Предельное развитие предвещает обратное движение, и мягкое одолевает твёрдое.","О том, что всякое предельное усиление предвещает спад.",retrieval-layer/v1-block1,verified quote + philosophical_move
C0063,Дао дэ цзин,Дао дэ цзин,Чжан 37,"Дао пребывает в недеянии, но нет ничего, что не было бы им сделано: вещи изменяются сами, когда на них не давят. Недеяние — не бездействие, а отсутствие навязанного действия. О действии без принуждения, при котором вещи складываются сами.","Дао пребывает в недеянии, но нет ничего, что не было бы им сделано: вещи изменяются сами, когда на них не давят. Недеяние — не бездействие, а отсутствие навязанного действия.","О действии без принуждения, при котором вещи складываются сами.",retrieval-layer/v1-block1,verified quote + philosophical_move
C0064,Дао дэ цзин,Дао дэ цзин,Чжан 38,"Высшая добродетель не держится за свою добродетельность и потому обладает ею; низшая боится её потерять и потому её лишена. Добро, осознающее себя как добро, вырождается ступень за ступенью вплоть до формального ритуала. О добродетели, которая перестаёт быть добродетелью, когда держится за себя.","Высшая добродетель не держится за свою добродетельность и потому обладает ею; низшая боится её потерять и потому её лишена. Добро, осознающее себя как добро, вырождается ступень за ступенью вплоть до формального ритуала.","О добродетели, которая перестаёт быть добродетелью, когда держится за себя.",retrieval-layer/v1-block1,verified quote + philosophical_move
C0065,Дао дэ цзин,Дао дэ цзин,Чжан 44,"Чем сильнее любовь к чему-то, тем мучительнее утрата; чем больше хранишь, тем тяжелее потеря. Что ближе тебе — слава или жизнь, приобретение или потеря? Мера привязанности определяет цену утраты. О цене привязанности: чем больше держишься за что-то, тем больнее его потерять.","Чем сильнее любовь к чему-то, тем мучительнее утрата; чем больше хранишь, тем тяжелее потеря. Что ближе тебе — слава или жизнь, приобретение или потеря? Мера привязанности определяет цену утраты.","О цене привязанности: чем больше держишься за что-то, тем больнее его потерять.",retrieval-layer/v1-block1,verified quote + philosophical_move
C0066,Дао дэ цзин,Дао дэ цзин,Чжан 46,"Нет большей вины, чем поддаться страстям, большей беды, чем не знать меры, большего преступления, чем желание обладать. Удовлетворение держится на знании достаточного, а не на количестве приобретённого. О неумении знать меру и жажде обладания.","Нет большей вины, чем поддаться страстям, большей беды, чем не знать меры, большего преступления, чем желание обладать. Удовлетворение держится на знании достаточного, а не на количестве приобретённого.",О неумении знать меру и жажде обладания.,retrieval-layer/v1-block1,verified quote + philosophical_move
C0067,Дао дэ цзин,Дао дэ цзин,Чжан 47,"Не выходя со двора, можно познать мир; не открывая окна, увидеть Небесный путь; чем дальше уходишь, тем меньше знаешь. Знание не растёт от накопления внешних впечатлений. О знании, которое приходит не от странствий и впечатлений, а изнутри.","Не выходя со двора, можно познать мир; не открывая окна, увидеть Небесный путь; чем дальше уходишь, тем меньше знаешь. Знание не растёт от накопления внешних впечатлений.","О знании, которое приходит не от странствий и впечатлений, а изнутри.",retrieval-layer/v1-block1,verified quote + philosophical_move
C0068,Дао дэ цзин,Дао дэ цзин,Чжан 48,"Учёность день ото дня прибавляет, следование Дао день ото дня убавляет, пока не дойдёшь до недеяния. Два противоположных движения: накопление и последовательное уменьшение. О пути убавления вместо накопления.","Учёность день ото дня прибавляет, следование Дао день ото дня убавляет, пока не дойдёшь до недеяния. Два противоположных движения: накопление и последовательное уменьшение.",О пути убавления вместо накопления.,retrieval-layer/v1-block1,verified quote + philosophical_move
C0069,Дао дэ цзин,Дао дэ цзин,Чжан 49,"Добрым мудрец делает добро и злым тоже делает добро: его отношение к людям не зеркалит их отношение к нему, и Благая сила остаётся добром независимо от того, кому она обращена. О доброте, которая не зависит от того, как поступают другие.","Добрым мудрец делает добро и злым тоже делает добро: его отношение к людям не зеркалит их отношение к нему, и Благая сила остаётся добром независимо от того, кому она обращена.","О доброте, которая не зависит от того, как поступают другие.",retrieval-layer/v1-block1,verified quote + philosophical_move
C0070,Дао дэ цзин,Дао дэ цзин,Чжан 52,"У мира есть начало — Мать; зная Мать, знаешь и её дитя, а зная дитя, возвращаешься к Матери. Знание истока делает понятными его проявления, а удержание меры чувств бережёт от истощения. О связи истока и его проявлений и о бережном отношении к своим силам.","У мира есть начало — Мать; зная Мать, знаешь и её дитя, а зная дитя, возвращаешься к Матери. Знание истока делает понятными его проявления, а удержание меры чувств бережёт от истощения.",О связи истока и его проявлений и о бережном отношении к своим силам.,retrieval-layer/v1-block1,verified quote + philosophical_move
C0071,Дао дэ цзин,Дао дэ цзин,Чжан 53,"Великий Путь прост, но народ предпочитает ему тропы; дворцы роскошны, а поля запущены. Пышность на поверхности соседствует с запустением в основе. О предпочтении окольных путей простому и о показной роскоши поверх запустения.","Великий Путь прост, но народ предпочитает ему тропы; дворцы роскошны, а поля запущены. Пышность на поверхности соседствует с запустением в основе.",О предпочтении окольных путей простому и о показной роскоши поверх запустения.,retrieval-layer/v1-block1,verified quote + philosophical_move
C0072,Дао дэ цзин,Дао дэ цзин,Чжан 56,"Знающий не говорит, говорящий не знает. Знание связано не с высказыванием и демонстрацией, а с состоянием, которое не определяется ни близостью и отдалённостью, ни выгодой и вредом, ни почётом и унижением. О молчании знающего и многословии незнающего.","Знающий не говорит, говорящий не знает. Знание связано не с высказыванием и демонстрацией, а с состоянием, которое не определяется ни близостью и отдалённостью, ни выгодой и вредом, ни почётом и унижением.",О молчании знающего и многословии незнающего.,retrieval-layer/v1-block1,verified quote + philosophical_move
C0073,Дао дэ цзин,Дао дэ цзин,Чжан 58,"Несчастье — опора счастья, в счастье таится несчастье, и кто знает их пределы? Граница между удачей и бедой неустойчива: одно уже содержит в себе другое. О неустойчивой границе между удачей и бедой.","Несчастье — опора счастья, в счастье таится несчастье, и кто знает их пределы? Граница между удачей и бедой неустойчива: одно уже содержит в себе другое.",О неустойчивой границе между удачей и бедой.,retrieval-layer/v1-block1,verified quote + philosophical_move
C0074,Дао дэ цзин,Дао дэ цзин,Чжан 63,"Трудное совершают через то лёгкое, что в нём есть, великое — через незаметное. Мудрец заранее относится к лёгкому как к трудному и потому не встречает трудностей; на враждебность он отвечает Благой силой. О подходе к трудному через его лёгкие и малые части.","Трудное совершают через то лёгкое, что в нём есть, великое — через незаметное. Мудрец заранее относится к лёгкому как к трудному и потому не встречает трудностей; на враждебность он отвечает Благой силой.",О подходе к трудному через его лёгкие и малые части.,retrieval-layer/v1-block1,verified quote + philosophical_move
C0075,Дао дэ цзин,Дао дэ цзин,Чжан 64,"Действуй, пока положение ещё не проявилось, упорядочивай, пока смута не началась: устойчивое легко удержать, малое легко рассеять. Дерево в обхват вырастает из ростка; кто хватает дело, тот его губит. О действии на ранней стадии, пока беда мала, и о вреде хватки.","Действуй, пока положение ещё не проявилось, упорядочивай, пока смута не началась: устойчивое легко удержать, малое легко рассеять. Дерево в обхват вырастает из ростка; кто хватает дело, тот его губит.","О действии на ранней стадии, пока беда мала, и о вреде хватки.",retrieval-layer/v1-block1,verified quote + philosophical_move
C0076,Дао дэ цзин,Дао дэ цзин,Чжан 66,"Реки и моря царят над всеми долинами потому, что всегда стремятся быть ниже их. Власть приходит к тому, кто ставит себя ниже, а не к тому, кто давит своим положением. О первенстве через низкое положение и отказ давить.","Реки и моря царят над всеми долинами потому, что всегда стремятся быть ниже их. Власть приходит к тому, кто ставит себя ниже, а не к тому, кто давит своим положением.",О первенстве через низкое положение и отказ давить.,retrieval-layer/v1-block1,verified quote + philosophical_move
C0077,Дао дэ цзин,Дао дэ цзин,Чжан 67,"Три сокровища: сострадание, бережливость и то, что не смеешь ставить себя впереди всех. Именно отказ быть первым делает возможным стать во главе; из сострадания и бережливости рождается способность действовать и отдавать. О сострадании, бережливости и отказе быть первым как основе подлинной силы.","Три сокровища: сострадание, бережливость и то, что не смеешь ставить себя впереди всех. Именно отказ быть первым делает возможным стать во главе; из сострадания и бережливости рождается способность действовать и отдавать.","О сострадании, бережливости и отказе быть первым как основе подлинной силы.",retrieval-layer/v1-block1,verified quote + philosophical_move
C0078,Дао дэ цзин,Дао дэ цзин,Чжан 68,"Хороший воин не воинствен, хороший боец не гневлив, хороший победитель не вступает в схватку, хороший руководитель ставит себя ниже других. Мастерство в борьбе обходится без ярости и соперничества. О борьбе без ярости и соперничества.","Хороший воин не воинствен, хороший боец не гневлив, хороший победитель не вступает в схватку, хороший руководитель ставит себя ниже других. Мастерство в борьбе обходится без ярости и соперничества.",О борьбе без ярости и соперничества.,retrieval-layer/v1-block1,verified quote + philosophical_move
C0079,Дао дэ цзин,Дао дэ цзин,Чжан 71,"Знать, что не знаешь, — превосходно; не знать этого и считать себя знающим — болезнь. Незнание, осознанное как незнание, выше мнимого знания. О признании собственного незнания.","Знать, что не знаешь, — превосходно; не знать этого и считать себя знающим — болезнь. Незнание, осознанное как незнание, выше мнимого знания.",О признании собственного незнания.,retrieval-layer/v1-block1,verified quote + philosophical_move
C0080,Дао дэ цзин,Дао дэ цзин,Чжан 72,"Когда власть стесняет людей в их жилищах и давит на их жизнь, нужны всё новые строгости и кары; если не давить, они не понадобятся. Чрезмерное давление порождает то, с чем потом приходится бороться. О давлении и строгости, которые порождают то, с чем потом приходится бороться.","Когда власть стесняет людей в их жилищах и давит на их жизнь, нужны всё новые строгости и кары; если не давить, они не понадобятся. Чрезмерное давление порождает то, с чем потом приходится бороться.","О давлении и строгости, которые порождают то, с чем потом приходится бороться.",retrieval-layer/v1-block1,verified quote + philosophical_move
C0081,Дао дэ цзин,Дао дэ цзин,Чжан 73,"Храбрый в безрассудстве гибнет, храбрый в осмотрительности живёт: смелость бывает двух видов, и они ведут к противоположным исходам. Небесный путь побеждает, не борясь. О безрассудной и осмотрительной смелости.","Храбрый в безрассудстве гибнет, храбрый в осмотрительности живёт: смелость бывает двух видов, и они ведут к противоположным исходам. Небесный путь побеждает, не борясь.",О безрассудной и осмотрительной смелости.,retrieval-layer/v1-block1,verified quote + philosophical_move
C0082,Дао дэ цзин,Дао дэ цзин,Чжан 74,"Брать на себя право распоряжаться жизнью и смертью — всё равно что идти рубить деревья вместо лесоруба: занимая чужое место в порядке вещей, человек ранит себя. Подменять собой высший порядок опасно для самого подменяющего. О попытке взять на себя то, что принадлежит не тебе, — право решать о жизни и смерти.","Брать на себя право распоряжаться жизнью и смертью — всё равно что идти рубить деревья вместо лесоруба: занимая чужое место в порядке вещей, человек ранит себя. Подменять собой высший порядок опасно для самого подменяющего.","О попытке взять на себя то, что принадлежит не тебе, — право решать о жизни и смерти.",retrieval-layer/v1-block1,verified quote + philosophical_move
C0083,Дао дэ цзин,Дао дэ цзин,Чжан 76,"Рождаясь, человек мягок и слаб, умирая — твёрд и крепок. Твёрдое и сильное — спутники смерти, мягкое и слабое — спутники жизни. О жёсткости как признаке умирания и мягкости как признаке жизни.","Рождаясь, человек мягок и слаб, умирая — твёрд и крепок. Твёрдое и сильное — спутники смерти, мягкое и слабое — спутники жизни.",О жёсткости как признаке умирания и мягкости как признаке жизни.,retrieval-layer/v1-block1,verified quote + philosophical_move
C0084,Дао дэ цзин,Дао дэ цзин,Чжан 77,"Небесный путь отнимает, когда есть излишек, и даёт, когда есть недостаток, как натягивают лук: высокое опускают, низкое поднимают. Человеческий порядок нередко поступает наоборот. О выравнивании избытка и недостатка.","Небесный путь отнимает, когда есть излишек, и даёт, когда есть недостаток, как натягивают лук: высокое опускают, низкое поднимают. Человеческий порядок нередко поступает наоборот.",О выравнивании избытка и недостатка.,retrieval-layer/v1-block1,verified quote + philosophical_move
C0085,Дао дэ цзин,Дао дэ цзин,Чжан 78,"Слабое побеждает сильное, мягкое побеждает твёрдое: вода мягче всего, но в разрушении твёрдого ей нет равных. Кто принимает на себя унижение, тот способен вести. О силе мягкости и уступчивости.","Слабое побеждает сильное, мягкое побеждает твёрдое: вода мягче всего, но в разрушении твёрдого ей нет равных. Кто принимает на себя унижение, тот способен вести.",О силе мягкости и уступчивости.,retrieval-layer/v1-block1,verified quote + philosophical_move
C0086,Дао дэ цзин,Дао дэ цзин,Чжан 79,"Если унять великий гнев, часть гнева всё равно непременно останется — можно ли считать это удачей? Даже разрешённая вражда оставляет след; мудрец исполняет свою часть обязательства и не требует от другого сверх этого. Об обиде, остающейся после примирения, и о том, чтобы не требовать от другого сверх его части.","Если унять великий гнев, часть гнева всё равно непременно останется — можно ли считать это удачей? Даже разрешённая вражда оставляет след; мудрец исполняет свою часть обязательства и не требует от другого сверх этого.","Об обиде, остающейся после примирения, и о том, чтобы не требовать от другого сверх его части.",retrieval-layer/v1-block1,verified quote + philosophical_move
C0087,Дао дэ цзин,Дао дэ цзин,Чжан 81,"Мудрец ничего не копит: чем больше он отдаёт людям, тем больше достаётся ему самому. Отдавание и обладание здесь не противоположны. О щедрости, которая обогащает самого дающего.","Мудрец ничего не копит: чем больше он отдаёт людям, тем больше достаётся ему самому. Отдавание и обладание здесь не противоположны.","О щедрости, которая обогащает самого дающего.",retrieval-layer/v1-block1,verified quote + philosophical_move
C0088,Дао дэ цзин,Дао дэ цзин,Чжан 4,"Дао пусто, но в действии неисчерпаемо, глубоко, словно предок всех вещей. Пустота здесь не нехватка, а источник бесконечного использования. О пустоте как неисчерпаемом источнике.","Дао пусто, но в действии неисчерпаемо, глубоко, словно предок всех вещей. Пустота здесь не нехватка, а источник бесконечного использования.",О пустоте как неисчерпаемом источнике.,retrieval-layer/v1-block1,verified quote (move is a reserve label)
C0089,Дао дэ цзин,Дао дэ цзин,Чжан 5,"Небо и Земля не милосердны: для них всё сущее — соломенная собака для обряда; и мудрец не милосерден, для него все люди — соломенные собаки. Высший порядок безличен и не делает ни для кого исключений. О безличности порядка, который не делает исключений и не утешает.","Небо и Земля не милосердны: для них всё сущее — соломенная собака для обряда; и мудрец не милосерден, для него все люди — соломенные собаки. Высший порядок безличен и не делает ни для кого исключений.","О безличности порядка, который не делает исключений и не утешает.",retrieval-layer/v1-block1,verified quote (move is a reserve label)
C0090,Дао дэ цзин,Дао дэ цзин,Чжан 10,"Дао порождает вещи и питает их, но не владеет порождённым и действует без преднамеренного замысла. Дать жизнь и не присваивать — особый способ отношения к тому, что создаёшь. О созидании и заботе без присвоения: дать жизнь и не владеть.","Дао порождает вещи и питает их, но не владеет порождённым и действует без преднамеренного замысла. Дать жизнь и не присваивать — особый способ отношения к тому, что создаёшь.",О созидании и заботе без присвоения: дать жизнь и не владеть.,retrieval-layer/v1-block1,verified quote (move is a reserve label)
C0091,Дао дэ цзин,Дао дэ цзин,Чжан 14,"Смотрю — не вижу, слушаю — не слышу, ловлю — не могу схватить: то, о чём речь, ускользает от всех чувств, и его можно лишь назвать тончайшим, тишайшим, неуловимым. О пределе чувственного познания: высшее нельзя увидеть, услышать и поймать руками, его можно лишь назвать.","Смотрю — не вижу, слушаю — не слышу, ловлю — не могу схватить: то, о чём речь, ускользает от всех чувств, и его можно лишь назвать тончайшим, тишайшим, неуловимым.","О пределе чувственного познания: высшее нельзя увидеть, услышать и поймать руками, его можно лишь назвать.",retrieval-layer/v1-block1,verified quote (move is a reserve label)
C0092,Дао дэ цзин,Дао дэ цзин,Чжан 25,"Человек берёт за образец землю, земля — небо, небо — Дао, а Дао — собственную естественность. Цепь образцов заканчивается тем, что ни на что внешнее не опирается. О следовании естественности как высшему образцу.","Человек берёт за образец землю, земля — небо, небо — Дао, а Дао — собственную естественность. Цепь образцов заканчивается тем, что ни на что внешнее не опирается.",О следовании естественности как высшему образцу.,retrieval-layer/v1-block1,verified quote (move is a reserve label)
C0093,Дао дэ цзин,Дао дэ цзин,Чжан 26,"Тяжёлое — корень лёгкого, покой — властелин поспешности. Лёгкость и спешка теряют опору, когда отрываются от тяжести и покоя. О поспешности и легковесности, оторванных от основательности и покоя.","Тяжёлое — корень лёгкого, покой — властелин поспешности. Лёгкость и спешка теряют опору, когда отрываются от тяжести и покоя.","О поспешности и легковесности, оторванных от основательности и покоя.",retrieval-layer/v1-block1,verified quote (move is a reserve label)
C0094,Дао дэ цзин,Дао дэ цзин,Чжан 28,"Знай своё мужское и храни женское — тогда станешь долиной для всего мира. Сила не в одном активном полюсе, а в способности знать его, оставаясь принимающим, как долина. О равновесии активного и принимающего начал.","Знай своё мужское и храни женское — тогда станешь долиной для всего мира. Сила не в одном активном полюсе, а в способности знать его, оставаясь принимающим, как долина.",О равновесии активного и принимающего начал.,retrieval-layer/v1-block1,verified quote (move is a reserve label)
C0095,Дао дэ цзин,Дао дэ цзин,Чжан 32,"Дао постоянно и безымянно: ему не нужно имя, чтобы быть, и никакое название его не исчерпывает. О безымянности высшего.","Дао постоянно и безымянно: ему не нужно имя, чтобы быть, и никакое название его не исчерпывает.",О безымянности высшего.,retrieval-layer/v1-block1,verified quote (move is a reserve label)
C0096,Дао дэ цзин,Дао дэ цзин,Чжан 39,"Цените униженное как корень: для всего высокого основанием всегда служит низкое. Высота держится на том, что ниже её. О ценности низкого и униженного как основания высокого.","Цените униженное как корень: для всего высокого основанием всегда служит низкое. Высота держится на том, что ниже её.",О ценности низкого и униженного как основания высокого.,retrieval-layer/v1-block1,verified quote (move is a reserve label)
C0097,Дао дэ цзин,Дао дэ цзин,Чжан 43,"Предельно мягкое в мире управляет предельно твёрдым. Наибольшее влияние оказывает не то, что давит, а то, что уступает. О власти мягкого над твёрдым.","Предельно мягкое в мире управляет предельно твёрдым. Наибольшее влияние оказывает не то, что давит, а то, что уступает.",О власти мягкого над твёрдым.,retrieval-layer/v1-block1,verified quote (move is a reserve label)
C0098,Дао дэ цзин,Дао дэ цзин,Чжан 50,"Рождаясь, чтобы жить, люди устремляются к смерти: выход в жизнь и вход в смерть — одно движение. О жизни как движении к смерти.","Рождаясь, чтобы жить, люди устремляются к смерти: выход в жизнь и вход в смерть — одно движение.",О жизни как движении к смерти.,retrieval-layer/v1-block1,verified quote (move is a reserve label)
C0099,Дао дэ цзин,Дао дэ цзин,Чжан 54,"Кто совершенствует это умение в себе, у того Благая сила становится подлинной; кто совершенствует его в семье — обильной. Сила, взращённая в себе, расширяется кругами: от себя к семье и дальше. О развитии внутренней силы, начиная с себя и семьи.","Кто совершенствует это умение в себе, у того Благая сила становится подлинной; кто совершенствует его в семье — обильной. Сила, взращённая в себе, расширяется кругами: от себя к семье и дальше.","О развитии внутренней силы, начиная с себя и семьи.",retrieval-layer/v1-block1,verified quote (move is a reserve label)
C0100,Дао дэ цзин,Дао дэ цзин,Чжан 57,"Чем больше в мире запретов и ограничений, тем беднее народ. Умножение правил производит то самое неблагополучие, против которого они вводятся. О вреде избытка запретов и правил.","Чем больше в мире запретов и ограничений, тем беднее народ. Умножение правил производит то самое неблагополучие, против которого они вводятся.",О вреде избытка запретов и правил.,retrieval-layer/v1-block1,verified quote (move is a reserve label)
C0101,Дао дэ цзин,Дао дэ цзин,Чжан 69,"Нет беды больше, чем недооценить противника: недооценить его — значит похоронить свои сокровища. О недооценке противника.","Нет беды больше, чем недооценить противника: недооценить его — значит похоронить свои сокровища.",О недооценке противника.,retrieval-layer/v1-block1,verified quote (move is a reserve label)
C0102,Дао дэ цзин,Дао дэ цзин,Чжан 70,"Мои слова так легко понять и им так легко следовать, но никто в мире не может их понять и им следовать. Простое оказывается самым недоступным. О простых истинах, которые трудно понять и исполнить.","Мои слова так легко понять и им так легко следовать, но никто в мире не может их понять и им следовать. Простое оказывается самым недоступным.","О простых истинах, которые трудно понять и исполнить.",retrieval-layer/v1-block1,verified quote (move is a reserve label)
C0103,Дао дэ цзин,Дао дэ цзин,Чжан 75,"Народом трудно управлять потому, что власть предержащие слишком деятельны: избыток управляющей активности делает людей неуправляемыми. О чрезмерной активности управляющих, которая делает людей неуправляемыми.","Народом трудно управлять потому, что власть предержащие слишком деятельны: избыток управляющей активности делает людей неуправляемыми.","О чрезмерной активности управляющих, которая делает людей неуправляемыми.",retrieval-layer/v1-block1,verified quote (move is a reserve label)
C0104,Дао дэ цзин,Дао дэ цзин,Чжан 80,"Пусть пища людей будет им сладка, одежда красива, жилища мирны, а обычаи и нравы радостны. Довольство своим, близким и простым противопоставлено погоне за далёким. О довольстве простой жизнью и своим окружением.","Пусть пища людей будет им сладка, одежда красива, жилища мирны, а обычаи и нравы радостны. Довольство своим, близким и простым противопоставлено погоне за далёким.",О довольстве простой жизнью и своим окружением.,retrieval-layer/v1-block1,verified quote (move is a reserve label)
C0979,Упанишады,Брихадараньяка-упанишада,I.4.1–10,"Одинокое первоначальное начало боялось, пока не подумало: кроме меня ничего нет — чего же бояться? — и страх прошёл. Страх приходит только от второго, от другого, отдельного от тебя; поэтому и поныне одинокий боится. О страхе, который рождается от ощущения другого, отдельного от тебя, и об одиночестве.","Одинокое первоначальное начало боялось, пока не подумало: кроме меня ничего нет — чего же бояться? — и страх прошёл. Страх приходит только от второго, от другого, отдельного от тебя; поэтому и поныне одинокий боится.","О страхе, который рождается от ощущения другого, отдельного от тебя, и об одиночестве.",retrieval-layer/v1-block1,verified quote + philosophical_move
C0980,Упанишады,Брихадараньяка-упанишада,I.4.10,"Вначале был Брахман; он узнал себя: «Я есмь Брахман» — и потому стал всем. Знание себя здесь не описание, а то, что делает знающего тем, что он знает. О том, как понимание того, кто ты есть, меняет само положение человека в мире.","Вначале был Брахман; он узнал себя: «Я есмь Брахман» — и потому стал всем. Знание себя здесь не описание, а то, что делает знающего тем, что он знает.","О том, как понимание того, кто ты есть, меняет само положение человека в мире.",retrieval-layer/v1-block1,verified quote + philosophical_move
C0981,Упанишады,Брихадараньяка-упанишада,II.4.5 / IV.5.6,"Супруг дорог не ради супруга и жена не ради жены, а ради Атмана. Любовь к самым близким переосмыслена через то, ради чего они на самом деле дороги, — через то, что больше самих любимых. О природе любви к близким: ради чего на самом деле дорог любимый человек.","Супруг дорог не ради супруга и жена не ради жены, а ради Атмана. Любовь к самым близким переосмыслена через то, ради чего они на самом деле дороги, — через то, что больше самих любимых.",О природе любви к близким: ради чего на самом деле дорог любимый человек.,retrieval-layer/v1-block1,verified quote + philosophical_move
C0982,Упанишады,Брихадараньяка-упанишада,II.4.12–14,"Комок соли, брошенный в воду, растворяется: вынуть его нельзя, но любая часть воды солёная. Образ нераздельности, где отдельное исчезает как предмет и присутствует повсюду, а за ним — вопрос о познании там, где нет отдельных познающего и познаваемого. О растворении отдельности и о том, как познавать то, что нельзя отделить от себя.","Комок соли, брошенный в воду, растворяется: вынуть его нельзя, но любая часть воды солёная. Образ нераздельности, где отдельное исчезает как предмет и присутствует повсюду, а за ним — вопрос о познании там, где нет отдельных познающего и познаваемого.","О растворении отдельности и о том, как познавать то, что нельзя отделить от себя.",retrieval-layer/v1-block1,verified quote + philosophical_move
C0983,Упанишады,Брихадараньяка-упанишада,III.4.1–2,"Нельзя увидеть видящего видения, услышать слышащего слушания, помыслить мыслящего мышления, познать познающего. То, благодаря чему мы видим, слышим и мыслим, не может стать ещё одним предметом зрения, слуха и мысли. О попытке увидеть самого себя как предмет: наблюдающий ускользает от собственного наблюдения.","Нельзя увидеть видящего видения, услышать слышащего слушания, помыслить мыслящего мышления, познать познающего. То, благодаря чему мы видим, слышим и мыслим, не может стать ещё одним предметом зрения, слуха и мысли.",О попытке увидеть самого себя как предмет: наблюдающий ускользает от собственного наблюдения.,retrieval-layer/v1-block1,verified quote + philosophical_move
C0984,Упанишады,Брихадараньяка-упанишада,III.5.1,"Стремление к сыновьям — это стремление к богатству, а стремление к богатству — стремление к лучшим мирам: всё это лишь стремления. Разные предметы желания оказываются одной и той же жаждой продолжения и приобретения. О том, что разные цели — потомство, богатство, лучшая участь — могут быть одной и той же жаждой.","Стремление к сыновьям — это стремление к богатству, а стремление к богатству — стремление к лучшим мирам: всё это лишь стремления. Разные предметы желания оказываются одной и той же жаждой продолжения и приобретения.","О том, что разные цели — потомство, богатство, лучшая участь — могут быть одной и той же жаждой.",retrieval-layer/v1-block1,verified quote + philosophical_move
C0985,Упанишады,Брихадараньяка-упанишада,III.7.3–23,"Внутренний управитель: невидимый, он видит; неслышимый — слышит; немыслимый — мыслит; непознаваемый — познаёт. В каждом элементе опыта есть то, что действует изнутри и не сводится к этому элементу. О присутствии внутреннего начала в каждом восприятии и в каждой мысли.","Внутренний управитель: невидимый, он видит; неслышимый — слышит; немыслимый — мыслит; непознаваемый — познаёт. В каждом элементе опыта есть то, что действует изнутри и не сводится к этому элементу.",О присутствии внутреннего начала в каждом восприятии и в каждой мысли.,retrieval-layer/v1-block1,verified quote + philosophical_move
C0986,Упанишады,Брихадараньяка-упанишада,III.8.8–11,"Кто уходит из мира, не узнав Непреходящего, тот несчастен; кто уходит, узнав его, — тот брахман. Итог жизни измеряется не сделанным, а тем, было ли познано непреходящее. О том, какую жизнь можно считать прожитой не зря перед лицом смерти.","Кто уходит из мира, не узнав Непреходящего, тот несчастен; кто уходит, узнав его, — тот брахман. Итог жизни измеряется не сделанным, а тем, было ли познано непреходящее.","О том, какую жизнь можно считать прожитой не зря перед лицом смерти.",retrieval-layer/v1-block1,verified quote + philosophical_move
C0987,Упанишады,Брихадараньяка-упанишада,IV.3.7–22,"Как большая рыба плавает то вдоль одного берега реки, то вдоль другого, так и человек (пуруша) переходит между сном и бодрствованием. Я не совпадает ни с одним из состояний сознания, а проходит через них. О тождестве себя при переходах между сном и бодрствованием.","Как большая рыба плавает то вдоль одного берега реки, то вдоль другого, так и человек (пуруша) переходит между сном и бодрствованием. Я не совпадает ни с одним из состояний сознания, а проходит через них.",О тождестве себя при переходах между сном и бодрствованием.,retrieval-layer/v1-block1,verified quote + philosophical_move
C0988,Упанишады,Брихадараньяка-упанишада,IV.3.21–22,"В глубоком сне открывается образ человека, поднявшийся над желаниями, свободный от зла и страха: когда прекращаются обычные различения и стремления, вместе с ними исчезает и страх. О состоянии без желаний и без страха, которое открывается, когда стихают стремления.","В глубоком сне открывается образ человека, поднявшийся над желаниями, свободный от зла и страха: когда прекращаются обычные различения и стремления, вместе с ними исчезает и страх.","О состоянии без желаний и без страха, которое открывается, когда стихают стремления.",retrieval-layer/v1-block1,verified quote + philosophical_move
C0989,Упанишады,Брихадараньяка-упанишада,IV.4.5,"Цепь от желания к судьбе: каково желание, такова воля; какова воля, таково и деяние; каково деяние, такой удел человек и получает. Участь вырастает из того, чего человек желает. О том, как желания через волю и поступки складываются в судьбу.","Цепь от желания к судьбе: каково желание, такова воля; какова воля, таково и деяние; каково деяние, такой удел человек и получает. Участь вырастает из того, чего человек желает.","О том, как желания через волю и поступки складываются в судьбу.",retrieval-layer/v1-block1,verified quote + philosophical_move
C0990,Упанишады,Брихадараньяка-упанишада,IV.4.6–7,"Три образа свободы от желаний: не иметь желаний, освободиться от них и желать лишь Атмана, в котором желания уже исполнены. Из такого человека не выходят жизненные силы — меняется само отношение к смертности. О жизни, свободной от погони за исполнением желаний, и о смерти, теряющей прежнюю власть.","Три образа свободы от желаний: не иметь желаний, освободиться от них и желать лишь Атмана, в котором желания уже исполнены. Из такого человека не выходят жизненные силы — меняется само отношение к смертности.","О жизни, свободной от погони за исполнением желаний, и о смерти, теряющей прежнюю власть.",retrieval-layer/v1-block1,verified quote + philosophical_move
C0991,Упанишады,Брихадараньяка-упанишада,IV.4.15,"Кто прямо видит Атмана как бога, владыку прошедшего и будущего, тот больше не страшится. Бесстрашие приходит не из уверенности в исходе, а из видения того, что владеет и прошлым, и будущим. О бесстрашии перед будущим, которое приходит из видения высшего, а не из гарантий.","Кто прямо видит Атмана как бога, владыку прошедшего и будущего, тот больше не страшится. Бесстрашие приходит не из уверенности в исходе, а из видения того, что владеет и прошлым, и будущим.","О бесстрашии перед будущим, которое приходит из видения высшего, а не из гарантий.",retrieval-layer/v1-block1,verified quote + philosophical_move
C0992,Упанишады,Брихадараньяка-упанишада,V.2.1–3,"Гром повторяет один и тот же слог «да», но слышится в нём три наставления: обуздывайте себя, давайте, будьте сострадательны. Одно и то же слово становится разным повелением для разных слушателей. О сдержанности, щедрости и сострадании как трёх разных требованиях к разным людям.","Гром повторяет один и тот же слог «да», но слышится в нём три наставления: обуздывайте себя, давайте, будьте сострадательны. Одно и то же слово становится разным повелением для разных слушателей.","О сдержанности, щедрости и сострадании как трёх разных требованиях к разным людям.",retrieval-layer/v1-block1,verified quote + philosophical_move
C0993,Упанишады,Чхандогья-упанишада,III.14.1,"Человек состоит из намерения: каково его намерение в этом мире, тем он и становится, уйдя из жизни. Не отдельные поступки, а внутренняя направленность определяет, во что человек превращается. О том, что человек становится тем, к чему направлено его намерение.","Человек состоит из намерения: каково его намерение в этом мире, тем он и становится, уйдя из жизни. Не отдельные поступки, а внутренняя направленность определяет, во что человек превращается.","О том, что человек становится тем, к чему направлено его намерение.",retrieval-layer/v1-block1,verified quote + philosophical_move
C0994,Упанишады,Чхандогья-упанишада,V.11,"Учитель понимает, что не сможет сказать пришедшим знатокам всего, и направляет их к другому учителю. Честное признание предела собственного знания вместо видимости полного ответа. Об учителе, который признаёт перед учёными гостями, что не может ответить на всё, и отправляет их к другому наставнику.","Учитель понимает, что не сможет сказать пришедшим знатокам всего, и направляет их к другому учителю. Честное признание предела собственного знания вместо видимости полного ответа.","Об учителе, который признаёт перед учёными гостями, что не может ответить на всё, и отправляет их к другому наставнику.",retrieval-layer/v1-block1,verified quote + philosophical_move
C0995,Упанишады,Чхандогья-упанишада,VI.1.3–6,"По одному комку глины узнаётся всё, что сделано из глины: множество вещей с разными именами и формами сводится к тому, из чего они состоят. Имя и форма меняются, материал один. О том, как за множеством форм и названий увидеть общий материал.","По одному комку глины узнаётся всё, что сделано из глины: множество вещей с разными именами и формами сводится к тому, из чего они состоят. Имя и форма меняются, материал один.","О том, как за множеством форм и названий увидеть общий материал.",retrieval-layer/v1-block1,verified quote + philosophical_move
C0996,Упанишады,Чхандогья-упанишада,VI.8–16,"«Ты — одно с Тем»: тонкая сущность, основа всего существующего, и есть Атман самого ученика. Отец не сообщает это готовой формулой, а ведёт сына через ряд опытов, пока тот не увидит сам. О единстве сути мира и сути человека и о постижении этого через собственный опыт.","«Ты — одно с Тем»: тонкая сущность, основа всего существующего, и есть Атман самого ученика. Отец не сообщает это готовой формулой, а ведёт сына через ряд опытов, пока тот не увидит сам.",О единстве сути мира и сути человека и о постижении этого через собственный опыт.,retrieval-layer/v1-block1,verified quote + philosophical_move
C0997,Упанишады,Чхандогья-упанишада,VI.12,"В разломленном семени не видно ничего, но из этой невидимой тонкой сущности вырастает огромное дерево. Самое существенное может быть недоступно восприятию и всё же держать на себе всё видимое. О скрытых, невидимых истоках больших видимых вещей.","В разломленном семени не видно ничего, но из этой невидимой тонкой сущности вырастает огромное дерево. Самое существенное может быть недоступно восприятию и всё же держать на себе всё видимое.","О скрытых, невидимых истоках больших видимых вещей.",retrieval-layer/v1-block1,verified quote + philosophical_move
C0998,Упанишады,Чхандогья-упанишада,VI.13,"Соль, растворённая в воде, не видна, но обнаруживается в каждом глотке: Сущего здесь не воспринимаешь, и всё же оно здесь есть. Невидимость не означает отсутствия. О присутствии невидимого: то, чего не воспринимаешь, может быть повсюду.","Соль, растворённая в воде, не видна, но обнаруживается в каждом глотке: Сущего здесь не воспринимаешь, и всё же оно здесь есть. Невидимость не означает отсутствия.","О присутствии невидимого: то, чего не воспринимаешь, может быть повсюду.",retrieval-layer/v1-block1,verified quote + philosophical_move
C0999,Упанишады,Чхандогья-упанишада,VI.14,"Человека с завязанными глазами увели далеко от родных мест; если снять повязку и указать направление, он, спрашивая дорогу от деревни к деревне, сведущий и рассудительный, сам дойдёт до дома. Наставник указывает сторону, а путь проходит сам идущий. О возвращении домой после потери ориентиров: направление указывает другой, а путь проходишь сам.","Человека с завязанными глазами увели далеко от родных мест; если снять повязку и указать направление, он, спрашивая дорогу от деревни к деревне, сведущий и рассудительный, сам дойдёт до дома. Наставник указывает сторону, а путь проходит сам идущий.","О возвращении домой после потери ориентиров: направление указывает другой, а путь проходишь сам.",retrieval-layer/v1-block1,verified quote + philosophical_move
C1000,Упанишады,Чхандогья-упанишада,VII.1,"Нарада перечисляет огромное знание и признаётся: я знаю лишь слова и не знаю Атмана — и потому печалюсь. Обширное знание текстов не освобождает от печали, если не знаешь себя. Когда знаешь очень много, но знание не избавляет от печали.","Нарада перечисляет огромное знание и признаётся: я знаю лишь слова и не знаю Атмана — и потому печалюсь. Обширное знание текстов не освобождает от печали, если не знаешь себя.","Когда знаешь очень много, но знание не избавляет от печали.",retrieval-layer/v1-block1,verified quote + philosophical_move
C1001,Упанишады,Чхандогья-упанишада,VII.23–24,"Счастье — в бесконечном (бхуман); в малом счастья нет. Никакое ограниченное приобретение не даёт полноты, потому что у малого всегда есть предел. Когда никакие ограниченные достижения не приносят счастья.","Счастье — в бесконечном (бхуман); в малом счастья нет. Никакое ограниченное приобретение не даёт полноты, потому что у малого всегда есть предел.",Когда никакие ограниченные достижения не приносят счастья.,retrieval-layer/v1-block1,verified quote + philosophical_move
C1002,Упанишады,Чхандогья-упанишада,VIII.7–12,"Ученики ушли, так и не постигнув Атмана: первое отождествление себя с отражением и телом приходится проверять снова — через сон, глубокий сон и смертность. Поспешное «я нашёл себя» оказывается ошибкой. О ложном понимании себя через тело и внешний образ.","Ученики ушли, так и не постигнув Атмана: первое отождествление себя с отражением и телом приходится проверять снова — через сон, глубокий сон и смертность. Поспешное «я нашёл себя» оказывается ошибкой.",О ложном понимании себя через тело и внешний образ.,retrieval-layer/v1-block1,verified quote + philosophical_move
C1003,Упанишады,Айтарея-упанишада,I.3,"Пищу пытались схватить речью — и не смогли схватить её речью, как не смогли и другими способностями по отдельности. Различены способности, их предметы и тот, кто ими пользуется: ни одна способность сама не присваивает то, на что направлена. Космогонический рассказ о первом существе, которое пытается овладеть пищей сначала речью, а затем другими своими способностями.","Пищу пытались схватить речью — и не смогли схватить её речью, как не смогли и другими способностями по отдельности. Различены способности, их предметы и тот, кто ими пользуется: ни одна способность сама не присваивает то, на что направлена.","Космогонический рассказ о первом существе, которое пытается овладеть пищей сначала речью, а затем другими своими способностями.",retrieval-layer/v1-block1,verified quote + philosophical_move
C1004,Упанишады,Айтарея-упанишада,III.1–3,"Всё ведомо познанием и утверждено в познании; мир держится на познании; познание и есть Брахман. Основание мира — не вещь среди вещей, а само знание, в котором всё известно. О сознании как основании всего, что человек знает о мире.","Всё ведомо познанием и утверждено в познании; мир держится на познании; познание и есть Брахман. Основание мира — не вещь среди вещей, а само знание, в котором всё известно.","О сознании как основании всего, что человек знает о мире.",retrieval-layer/v1-block1,verified quote + philosophical_move
C1005,Упанишады,Каушитаки-упанишада,II.1,"«Дыхание — Брахман»: высшее начало узнаётся не во внешних соответствиях, а в живом дыхании самого человека. Внешние образы переносятся внутрь человеческого опыта. О дыхании и жизни как о месте, где узнаётся высшее.","«Дыхание — Брахман»: высшее начало узнаётся не во внешних соответствиях, а в живом дыхании самого человека. Внешние образы переносятся внутрь человеческого опыта.","О дыхании и жизни как о месте, где узнаётся высшее.",retrieval-layer/v1-block1,verified quote + philosophical_move
C1006,Упанишады,Каушитаки-упанишада,III.8,"Не речь стремись узнать, а говорящего; не запах, а обоняющего. Внимание переводится от того, что воспринимается, к тому, кто воспринимает. О переносе внимания с воспринимаемого на воспринимающего.","Не речь стремись узнать, а говорящего; не запах, а обоняющего. Внимание переводится от того, что воспринимается, к тому, кто воспринимает.",О переносе внимания с воспринимаемого на воспринимающего.,retrieval-layer/v1-block1,verified quote + philosophical_move
C1007,Упанишады,Кена-упанишада,I.1–2,"Кем направляемый летит ум к своему предмету? Кем запряжено первое дыхание? Вопрос задаётся не о предметах, а о том, что приводит в движение саму способность думать и жить. О вопросе, что движет мыслью и жизнью изнутри.","Кем направляемый летит ум к своему предмету? Кем запряжено первое дыхание? Вопрос задаётся не о предметах, а о том, что приводит в движение саму способность думать и жить.","О вопросе, что движет мыслью и жизнью изнутри.",retrieval-layer/v1-block1,verified quote + philosophical_move
C1008,Упанишады,Кена-упанишада,I.3–9,"То, что не выражается речью, но чем выражается сама речь, — это и есть Брахман, а не то, чему люди поклоняются как предмету. Высшее — не ещё один объект почитания, а условие самой речи и мысли. О том, что высшее нельзя выразить словами и почитать как предмет.","То, что не выражается речью, но чем выражается сама речь, — это и есть Брахман, а не то, чему люди поклоняются как предмету. Высшее — не ещё один объект почитания, а условие самой речи и мысли.","О том, что высшее нельзя выразить словами и почитать как предмет.",retrieval-layer/v1-block1,verified quote + philosophical_move
C1009,Упанишады,Кена-упанишада,II.1–3,"Если думаешь «я хорошо знаю Брахмана», ты знаешь лишь малую часть его образа. Уверенность в обладании высшим знанием сама показывает, что его нет. О самоуверенности знания: кто уверен, что всё понял, понимает мало.","Если думаешь «я хорошо знаю Брахмана», ты знаешь лишь малую часть его образа. Уверенность в обладании высшим знанием сама показывает, что его нет.","О самоуверенности знания: кто уверен, что всё понял, понимает мало.",retrieval-layer/v1-block1,verified quote + philosophical_move
C1010,Упанишады,Кена-упанишада,III–IV,"Победу богам добыл Брахман, а боги возвеличились так, будто победили сами. Успех присваивается теми, через кого он произошёл, хотя его источник — не они; встреча с неузнанным духом показывает предел их сил. О присвоении успеха и гордости, когда победу приписывают себе.","Победу богам добыл Брахман, а боги возвеличились так, будто победили сами. Успех присваивается теми, через кого он произошёл, хотя его источник — не они; встреча с неузнанным духом показывает предел их сил.","О присвоении успеха и гордости, когда победу приписывают себе.",retrieval-layer/v1-block1,verified quote + philosophical_move
C1011,Упанишады,Тайттирия-упанишада,I.11,"Наставление уходящему ученику: говори правду, следуй долгу, не будь нерадив в учении, почитай мать, отца, учителя и гостя. Жизнь после ученичества собрана из простых обязательств и примера безупречных людей. О простых основах достойной жизни: правдивость, долг, почтение к родителям, учителю и гостю.","Наставление уходящему ученику: говори правду, следуй долгу, не будь нерадив в учении, почитай мать, отца, учителя и гостя. Жизнь после ученичества собрана из простых обязательств и примера безупречных людей.","О простых основах достойной жизни: правдивость, долг, почтение к родителям, учителю и гостю.",retrieval-layer/v1-block1,verified quote + philosophical_move
C1012,Упанишады,Тайттирия-упанишада,II.1–5,"Человек как ряд вложенных оболочек: внутри тела, сделанного из пищи, есть иной Атман — из дыхания, а за ним следующие. Каждый раз то, что казалось тобой, оказывается лишь внешним слоем следующего, более внутреннего. О поиске подлинного себя за внешними слоями — телом, дыханием, умом.","Человек как ряд вложенных оболочек: внутри тела, сделанного из пищи, есть иной Атман — из дыхания, а за ним следующие. Каждый раз то, что казалось тобой, оказывается лишь внешним слоем следующего, более внутреннего.","О поиске подлинного себя за внешними слоями — телом, дыханием, умом.",retrieval-layer/v1-block1,verified quote + philosophical_move
C1013,Упанишады,Тайттирия-упанишада,II.7–8,"Возьмём юношу — хорошего, учёного, быстрого, твёрдого, сильного, которому принадлежит вся земля с её богатствами: это лишь одна мера человеческого блаженства, а над ней идут меры во сто крат большие. Самое полное человеческое счастье оказывается нижней ступенью. О том, что даже вершина человеческих благ — лишь малая мера счастья.","Возьмём юношу — хорошего, учёного, быстрого, твёрдого, сильного, которому принадлежит вся земля с её богатствами: это лишь одна мера человеческого блаженства, а над ней идут меры во сто крат большие. Самое полное человеческое счастье оказывается нижней ступенью.","О том, что даже вершина человеческих благ — лишь малая мера счастья.",retrieval-layer/v1-block1,verified quote + philosophical_move
C1014,Упанишады,Тайттирия-упанишада,III.1–6,"Бхригу ищет основание всего и каждый раз останавливается на очередном ответе: пища, дыхание, разум, познание, блаженство. Найденный ответ признаётся, но исследование продолжается, пока не дойдёт до следующего уровня. О последовательном исследовании, в котором каждый найденный ответ оказывается промежуточным.","Бхригу ищет основание всего и каждый раз останавливается на очередном ответе: пища, дыхание, разум, познание, блаженство. Найденный ответ признаётся, но исследование продолжается, пока не дойдёт до следующего уровня.","О последовательном исследовании, в котором каждый найденный ответ оказывается промежуточным.",retrieval-layer/v1-block1,verified quote + philosophical_move
C1015,Упанишады,Катха-упанишада,I.1.20–29,"Смерть предлагает Начикетасу долгую жизнь, богатство, власть, повозки, танцы и пение — лишь бы он не спрашивал о смерти; он отвечает: оставь это себе. Никакие блага не заменяют неразрешённого главного вопроса. Об отказе от богатства и удовольствий ради ответа на главный вопрос о жизни и смерти.","Смерть предлагает Начикетасу долгую жизнь, богатство, власть, повозки, танцы и пение — лишь бы он не спрашивал о смерти; он отвечает: оставь это себе. Никакие блага не заменяют неразрешённого главного вопроса.",Об отказе от богатства и удовольствий ради ответа на главный вопрос о жизни и смерти.,retrieval-layer/v1-block1,verified quote + philosophical_move
C1016,Упанишады,Катха-упанишада,I.2.1–2,"Благое (шреяс) и приятное (прейас) приходят к человеку вместе, но ведут в разные стороны; разумный, поразмыслив, различает их и выбирает благое. О выборе между приятным сейчас и благим по-настоящему.","Благое (шреяс) и приятное (прейас) приходят к человеку вместе, но ведут в разные стороны; разумный, поразмыслив, различает их и выбирает благое.",О выборе между приятным сейчас и благим по-настоящему.,retrieval-layer/v1-block1,verified quote + philosophical_move
C1017,Упанишады,Катха-упанишада,I.2.3–5,"Пребывая в глубине незнания, люди считают себя разумными и учёными и бродят, как слепые, ведомые слепым. Хуже всего незнание, уверенное в собственной учёности; его поддерживают желания и богатство. О самодовольстве незнающих, которые к тому же ведут за собой других.","Пребывая в глубине незнания, люди считают себя разумными и учёными и бродят, как слепые, ведомые слепым. Хуже всего незнание, уверенное в собственной учёности; его поддерживают желания и богатство.","О самодовольстве незнающих, которые к тому же ведут за собой других.",retrieval-layer/v1-block1,verified quote + philosophical_move
C1018,Упанишады,Катха-упанишада,I.2.18–22,"Атман не рождается и не умирает, ни из чего не возник и никем не стал; меньше малого и больше великого. То, что есть Я в глубочайшем смысле, не подчинено рождению и гибели тела. О страхе смерти и о том, что в человеке не рождается и не умирает.","Атман не рождается и не умирает, ни из чего не возник и никем не стал; меньше малого и больше великого. То, что есть Я в глубочайшем смысле, не подчинено рождению и гибели тела.","О страхе смерти и о том, что в человеке не рождается и не умирает.",retrieval-layer/v1-block1,verified quote + philosophical_move
C1019,Упанишады,Катха-упанишада,I.3.3–9,"Человек как колесница: Атман — её владелец, тело — колесница, рассудок — возничий, разум — поводья, чувства — кони. Тот, кому принадлежит путь, не совпадает с тем, кто держит поводья. Об устройстве самообладания: кто в человеке правит, а кто несёт.","Человек как колесница: Атман — её владелец, тело — колесница, рассудок — возничий, разум — поводья, чувства — кони. Тот, кому принадлежит путь, не совпадает с тем, кто держит поводья.","Об устройстве самообладания: кто в человеке правит, а кто несёт.",retrieval-layer/v1-block1,verified quote + philosophical_move
C1020,Упанишады,Катха-упанишада,II.1.1–2,"Отверстия чувств проделаны наружу, поэтому человек смотрит вовне, а не внутрь себя. Направленность восприятия вовне — устройство самого человека, и чтобы увидеть Атмана, взгляд надо повернуть. О привычке смотреть вовне и о повороте взгляда внутрь себя.","Отверстия чувств проделаны наружу, поэтому человек смотрит вовне, а не внутрь себя. Направленность восприятия вовне — устройство самого человека, и чтобы увидеть Атмана, взгляд надо повернуть.",О привычке смотреть вовне и о повороте взгляда внутрь себя.,retrieval-layer/v1-block1,verified quote + philosophical_move
C1021,Упанишады,Катха-упанишада,II.3.14–15,"Когда прекращаются все желания, живущие в сердце, смертный становится бессмертным. Бессмертие связано не с продлением жизни, а с прекращением желаний. О связи бессмертия и угасания желаний.","Когда прекращаются все желания, живущие в сердце, смертный становится бессмертным. Бессмертие связано не с продлением жизни, а с прекращением желаний.",О связи бессмертия и угасания желаний.,retrieval-layer/v1-block1,verified quote + philosophical_move
C1022,Упанишады,Шветашватара-упанишада,I.1–2,"Что источник всего — время, собственная природа, необходимость, случайность, первоэлементы или пуруша? Перечень возможных объяснений ставится под вопрос: ни одно из них, ни их сочетание не принимается как окончательное. О поиске первопричины происходящего: время, природа, необходимость, случай или что-то иное.","Что источник всего — время, собственная природа, необходимость, случайность, первоэлементы или пуруша? Перечень возможных объяснений ставится под вопрос: ни одно из них, ни их сочетание не принимается как окончательное.","О поиске первопричины происходящего: время, природа, необходимость, случай или что-то иное.",retrieval-layer/v1-block1,verified quote + philosophical_move
C1023,Упанишады,Шветашватара-упанишада,I.3–6,"Обусловленное существование изображено как огромное колесо Брахмана со множеством ободьев, потоков и связей, в котором блуждает «гусь» — душа. Человек показан странником внутри движущейся системы условий. Об ощущении себя затерянным в огромной системе условий и событий.","Обусловленное существование изображено как огромное колесо Брахмана со множеством ободьев, потоков и связей, в котором блуждает «гусь» — душа. Человек показан странником внутри движущейся системы условий.",Об ощущении себя затерянным в огромной системе условий и событий.,retrieval-layer/v1-block1,verified quote + philosophical_move
C1024,Упанишады,Шветашватара-упанишада,IV.6–7,"Две птицы на одном дереве: одна ест сладкую ягоду, другая смотрит, не поедая. В человеке различены тот, кто вкушает плоды переживаний и скорбит, и тот, кто наблюдает, не вовлекаясь. О раздвоении в человеке на вовлечённого участника и спокойного свидетеля.","Две птицы на одном дереве: одна ест сладкую ягоду, другая смотрит, не поедая. В человеке различены тот, кто вкушает плоды переживаний и скорбит, и тот, кто наблюдает, не вовлекаясь.",О раздвоении в человеке на вовлечённого участника и спокойного свидетеля.,retrieval-layer/v1-block1,verified quote + philosophical_move
C1025,Упанишады,Майтри-упанишада,I.2–4,"Увидев тленность тела и повторяемость мира, царь приходит к мудрецу: «я не знаю Атмана, а ты, говорят, знаешь его суть». Старение и смерть делают обычные приобретения недостаточным ответом, и человек ищет знающего главное. Когда старение и смерть делают привычные достижения недостаточными и рождают поиск главного.","Увидев тленность тела и повторяемость мира, царь приходит к мудрецу: «я не знаю Атмана, а ты, говорят, знаешь его суть». Старение и смерть делают обычные приобретения недостаточным ответом, и человек ищет знающего главное.",Когда старение и смерть делают привычные достижения недостаточными и рождают поиск главного.,retrieval-layer/v1-block1,verified quote + philosophical_move
C1026,Упанишады,Майтри-упанишада,VI.34,"Думая «я — это», «это — моё», человек сам себя связывает, как птица попадает в сеть. Связанность создаётся самоотождествлением и присвоением, а не только внешними обстоятельствами. О присвоении «моего» и самоотождествлении как ловушке.","Думая «я — это», «это — моё», человек сам себя связывает, как птица попадает в сеть. Связанность создаётся самоотождествлением и присвоением, а не только внешними обстоятельствами.",О присвоении «моего» и самоотождествлении как ловушке.,retrieval-layer/v1-block1,verified quote + philosophical_move
C1027,Упанишады,Майтри-упанишада,VI.34–35,"Знак освобождения — быть свободным от решимости, от представлений и от самомнения. Ум, прилипший к предметам желания, связан; ум, свободный от этой связанности, освобождён. О свободе от навязчивых решений, представлений и самомнения.","Знак освобождения — быть свободным от решимости, от представлений и от самомнения. Ум, прилипший к предметам желания, связан; ум, свободный от этой связанности, освобождён.","О свободе от навязчивых решений, представлений и самомнения.",retrieval-layer/v1-block1,verified quote + philosophical_move
C1028,Упанишады,Иша-упанишада,1,"Всё в мире охвачено Владыкой; наслаждайся отречением и не влекись к чужому добру. Наслаждение не противопоставлено отказу, а достигается через него. О радости через отказ и о тяге к чужому добру.","Всё в мире охвачено Владыкой; наслаждайся отречением и не влекись к чужому добру. Наслаждение не противопоставлено отказу, а достигается через него.",О радости через отказ и о тяге к чужому добру.,retrieval-layer/v1-block1,verified quote + philosophical_move
C1029,Упанишады,Иша-упанишада,4–5,"Оно движется — и не движется, оно далеко — и оно же близко: высшее описывается только сочетанием противоположностей, которые обычная мысль держит раздельно. О высшем, которое одновременно и близко, и далеко.","Оно движется — и не движется, оно далеко — и оно же близко: высшее описывается только сочетанием противоположностей, которые обычная мысль держит раздельно.","О высшем, которое одновременно и близко, и далеко.",retrieval-layer/v1-block1,verified quote + philosophical_move
C1030,Упанишады,Иша-упанишада,6–7,"Какое ослепление, какая печаль у того, кто видит единство? Печаль связана с разделённостью и отчуждением, и вместе с ними она исчезает. О печали и разделённости, которые исчезают при видении единства.","Какое ослепление, какая печаль у того, кто видит единство? Печаль связана с разделённостью и отчуждением, и вместе с ними она исчезает.","О печали и разделённости, которые исчезают при видении единства.",retrieval-layer/v1-block1,verified quote + philosophical_move
C1031,Упанишады,Иша-упанишада,9–11,"Знание и незнание нужно знать вместе: каждое, взятое отдельно, ведёт во тьму. Текст предупреждает об односторонности, которая кажется выбором истины. О вреде односторонности, когда держатся только за одно из двух.","Знание и незнание нужно знать вместе: каждое, взятое отдельно, ведёт во тьму. Текст предупреждает об односторонности, которая кажется выбором истины.","О вреде односторонности, когда держатся только за одно из двух.",retrieval-layer/v1-block1,verified quote + philosophical_move
C1032,Упанишады,Мундака-упанишада,I.1.4–5,"Есть два знания — высшее и низшее; к низшему отнесены даже Веды и все учёные дисциплины, а высшее — то, которым постигается непреходящее. Любая учёность может оказаться знанием низшего порядка. О разнице между учёностью и знанием высшего.","Есть два знания — высшее и низшее; к низшему отнесены даже Веды и все учёные дисциплины, а высшее — то, которым постигается непреходящее. Любая учёность может оказаться знанием низшего порядка.",О разнице между учёностью и знанием высшего.,retrieval-layer/v1-block1,verified quote + philosophical_move
C1033,Упанишады,Мундака-упанишада,I.2.7–12,"Жертвы и обряды — непрочные ладьи: действия, дающие ограниченные результаты, не переносят к непреходящему. Испытав миры, достигнутые делами, человек разочаровывается в них и ищет иной путь. О разочаровании в результатах привычных дел и поиске иного пути.","Жертвы и обряды — непрочные ладьи: действия, дающие ограниченные результаты, не переносят к непреходящему. Испытав миры, достигнутые делами, человек разочаровывается в них и ищет иной путь.",О разочаровании в результатах привычных дел и поиске иного пути.,retrieval-layer/v1-block1,verified quote + philosophical_move
C1034,Упанишады,Мундака-упанишада,II.2.3–4,"Слог Ом — лук, Атман — стрела, Брахман — цель: в цель надо попасть с полной сосредоточенностью и стать с ней одним, как стрела входит в мишень. О полной сосредоточенности на высшей цели.","Слог Ом — лук, Атман — стрела, Брахман — цель: в цель надо попасть с полной сосредоточенностью и стать с ней одним, как стрела входит в мишень.",О полной сосредоточенности на высшей цели.,retrieval-layer/v1-block1,verified quote + philosophical_move
C1035,Упанишады,Мундака-упанишада,III.1.1–2,"Тот, кто погружён во вкушение плодов, скорбит, сбитый с толку своим бессилием; печаль уходит, когда он видит рядом другого — спокойного наблюдающего владыку, не захваченного плодами. О скорби от вовлечённости и покое, который приходит от наблюдающего в себе.","Тот, кто погружён во вкушение плодов, скорбит, сбитый с толку своим бессилием; печаль уходит, когда он видит рядом другого — спокойного наблюдающего владыку, не захваченного плодами.","О скорби от вовлечённости и покое, который приходит от наблюдающего в себе.",retrieval-layer/v1-block1,verified quote + philosophical_move
C1036,Упанишады,Мундака-упанишада,III.1.5–6,"Побеждает только истина, а не ложь: путь к высшему состоянию проложен правдой. О том, что правда сильнее лжи.","Побеждает только истина, а не ложь: путь к высшему состоянию проложен правдой.","О том, что правда сильнее лжи.",retrieval-layer/v1-block1,verified quote + philosophical_move
C1037,Упанишады,Прашна-упанишада,I.1–2,"Пришедшим с вопросами мудрец говорит: поживите здесь ещё год в подвижничестве, воздержанности и вере, а потом спрашивайте, о чём хотите. Ответ получает подготовленный; право на вопрос заслуживается дисциплиной. О подготовке к знанию: прежде чем спрашивать, нужно пройти дисциплину.","Пришедшим с вопросами мудрец говорит: поживите здесь ещё год в подвижничестве, воздержанности и вере, а потом спрашивайте, о чём хотите. Ответ получает подготовленный; право на вопрос заслуживается дисциплиной.","О подготовке к знанию: прежде чем спрашивать, нужно пройти дисциплину.",retrieval-layer/v1-block1,verified quote + philosophical_move
C1038,Упанишады,Прашна-упанишада,II.1–4,"Речь, ум, зрение, слух — каждая сила заявляет: это мы держим и поддерживаем тело. Спор о том, кто главный, решается проверкой: без кого тело действительно не может жить. О споре за главенство и проверке, кто на самом деле необходим.","Речь, ум, зрение, слух — каждая сила заявляет: это мы держим и поддерживаем тело. Спор о том, кто главный, решается проверкой: без кого тело действительно не может жить.","О споре за главенство и проверке, кто на самом деле необходим.",retrieval-layer/v1-block1,verified quote + philosophical_move
C1039,Упанишады,Прашна-упанишада,IV.1–9,"Во сне внешняя работа чувств прекращается, и в «граде» тела бодрствуют лишь огни дыхания. Разбирается, какие силы умолкают, какие продолжают и кто переживает сон. О сне и о том, что в человеке продолжает работать, когда он спит.","Во сне внешняя работа чувств прекращается, и в «граде» тела бодрствуют лишь огни дыхания. Разбирается, какие силы умолкают, какие продолжают и кто переживает сон.","О сне и о том, что в человеке продолжает работать, когда он спит.",retrieval-layer/v1-block1,verified quote + philosophical_move
C1040,Упанишады,Прашна-упанишада,VI.1–6,"Реки, достигнув моря, исчезают в нём, теряют имя и образ и зовутся «морем». Так и части человека возникают из Пуруши и возвращаются в него, утрачивая отдельное имя. О растворении отдельного в целом и утрате отдельного имени.","Реки, достигнув моря, исчезают в нём, теряют имя и образ и зовутся «морем». Так и части человека возникают из Пуруши и возвращаются в него, утрачивая отдельное имя.",О растворении отдельного в целом и утрате отдельного имени.,retrieval-layer/v1-block1,verified quote + philosophical_move
C1041,Упанишады,Мандукья-упанишада,1–2,"«Аум — всё это»: прошлое, настоящее, будущее и то, что за пределами времени, сжаты в одном звуке. Один слог служит картой всего мира и Атмана. О единстве времени и мира, собранном в одном символе.","«Аум — всё это»: прошлое, настоящее, будущее и то, что за пределами времени, сжаты в одном звуке. Один слог служит картой всего мира и Атмана.","О единстве времени и мира, собранном в одном символе.",retrieval-layer/v1-block1,verified quote + philosophical_move
C1042,Упанишады,Мандукья-упанишада,3–6,"Состояния сознания различаются тем, куда оно обращено: в бодрствовании оно познаёт внешнее, во сне и в глубоком сне — иначе. Я раскрывается через разные способы направленности сознания. О разных состояниях сознания и их направленности.","Состояния сознания различаются тем, куда оно обращено: в бодрствовании оно познаёт внешнее, во сне и в глубоком сне — иначе. Я раскрывается через разные способы направленности сознания.",О разных состояниях сознания и их направленности.,retrieval-layer/v1-block1,verified quote + philosophical_move
C1043,Упанишады,Мандукья-упанишада,7,"Четвёртое состояние описано только отрицаниями: невидимое, неизречённое, неуловимое, неразличимое, немыслимое, неуказуемое. Его нельзя уложить ни в одну привычную категорию; в нём прекращается развёртывание явлений. О том, что лежит за пределами всех привычных категорий.","Четвёртое состояние описано только отрицаниями: невидимое, неизречённое, неуловимое, неразличимое, немыслимое, неуказуемое. Его нельзя уложить ни в одну привычную категорию; в нём прекращается развёртывание явлений.","О том, что лежит за пределами всех привычных категорий.",retrieval-layer/v1-block1,verified quote + philosophical_move
C1044,Упанишады,Брихадараньяка-упанишада,I.3,"Жизненное дыхание поёт для богов, и демоны, пытаясь поразить его злом, сами рассыпаются, как ком земли, ударившись о камень. Среди всех сил человека именно дыхание оказывается тем, к чему зло не пристаёт. О неуязвимости того, что не подвластно злу.","Жизненное дыхание поёт для богов, и демоны, пытаясь поразить его злом, сами рассыпаются, как ком земли, ударившись о камень. Среди всех сил человека именно дыхание оказывается тем, к чему зло не пристаёт.","О неуязвимости того, что не подвластно злу.",retrieval-layer/v1-block1,verified quote (move is a reserve label)
C1045,Упанишады,Брихадараньяка-упанишада,I.5,"Любовь, решимость, сомнение, вера, неверие, твёрдость, нетвёрдость, стыд, размышление, страх — всё это ум. Видят и слышат только умом: когда ум далеко, глаза смотрят, но не видят. О том, что любовь, страх, сомнение, вера и стыд — проявления ума.","Любовь, решимость, сомнение, вера, неверие, твёрдость, нетвёрдость, стыд, размышление, страх — всё это ум. Видят и слышат только умом: когда ум далеко, глаза смотрят, но не видят.","О том, что любовь, страх, сомнение, вера и стыд — проявления ума.",retrieval-layer/v1-block1,verified quote (move is a reserve label)
C1046,Упанишады,Брихадараньяка-упанишада,II.1,"Учёный перечисляет множество образов Брахмана, и царь спрашивает: «Это всё?» — «Всё». — «Этого недостаточно для знания». Набор частичных отождествлений не складывается в знание, и знаток просится в ученики. О недостаточности поверхностного знания и о готовности стать учеником.","Учёный перечисляет множество образов Брахмана, и царь спрашивает: «Это всё?» — «Всё». — «Этого недостаточно для знания». Набор частичных отождествлений не складывается в знание, и знаток просится в ученики.",О недостаточности поверхностного знания и о готовности стать учеником.,retrieval-layer/v1-block1,verified quote (move is a reserve label)
C1047,Упанишады,Брихадараньяка-упанишада,III.9,"Сколько богов? Три, два, полтора, один: множество божеств шаг за шагом сводится к мирам, пище и дыханию, к «тому, кто дует». Многообразие объяснений последовательно сокращается к единому началу. О поиске единого начала за множеством богов и объяснений.","Сколько богов? Три, два, полтора, один: множество божеств шаг за шагом сводится к мирам, пище и дыханию, к «тому, кто дует». Многообразие объяснений последовательно сокращается к единому началу.",О поиске единого начала за множеством богов и объяснений.,retrieval-layer/v1-block1,verified quote (move is a reserve label)
C1048,Упанишады,Брихадараньяка-упанишада,IV.1,"Яджнявалкья проверяет, чему учили царя другие наставники: говорили ли они об основании и местопребывании Брахмана? — Нет. — Тогда это знание стоит лишь на одной ноге. Учение без основания неполно, даже если в нём что-то верно. О неполноте знания без понимания его основы.","Яджнявалкья проверяет, чему учили царя другие наставники: говорили ли они об основании и местопребывании Брахмана? — Нет. — Тогда это знание стоит лишь на одной ноге. Учение без основания неполно, даже если в нём что-то верно.",О неполноте знания без понимания его основы.,retrieval-layer/v1-block1,verified quote (move is a reserve label)
C1049,Упанишады,Брихадараньяка-упанишада,IV.4.22–23,"Знающий Атмана не становится больше от хорошего деяния и меньше от дурного: его сущность не измеряется поступками. Он владыка и хранитель существ, а не накопитель заслуг. О том, что сущность человека не измеряется его заслугами и проступками.","Знающий Атмана не становится больше от хорошего деяния и меньше от дурного: его сущность не измеряется поступками. Он владыка и хранитель существ, а не накопитель заслуг.","О том, что сущность человека не измеряется его заслугами и проступками.",retrieval-layer/v1-block1,verified quote (move is a reserve label)
C1050,Упанишады,Чхандогья-упанишада,IV.4–9,"Учитель принимает юношу в ученики, потому что тот «не удалился от истины»: правдивый ответ сам показывает его достоинство — «не брахман не смог бы так объяснить». О правдивости как условии ученичества.","Учитель принимает юношу в ученики, потому что тот «не удалился от истины»: правдивый ответ сам показывает его достоинство — «не брахман не смог бы так объяснить».",О правдивости как условии ученичества.,retrieval-layer/v1-block1,verified quote (move is a reserve label)
C1051,Упанишады,Чхандогья-упанишада,V.3–10,"Знаешь ли ты, куда уходят отсюда люди и как они возвращаются? — Нет, почтенный. Учёный юноша сталкивается с вопросами о пути после смерти, на которые его учёность не отвечает. О вопросах о жизни после смерти, на которые учёность не отвечает.","Знаешь ли ты, куда уходят отсюда люди и как они возвращаются? — Нет, почтенный. Учёный юноша сталкивается с вопросами о пути после смерти, на которые его учёность не отвечает.","О вопросах о жизни после смерти, на которые учёность не отвечает.",retrieval-layer/v1-block1,verified quote (move is a reserve label)
C1052,Упанишады,Чхандогья-упанишада,VII.2–26,"Речь больше имени, ум больше речи — лестница, на которой каждое почитаемое знание превосходится следующим, пока подъём не доходит до бесконечного. О лестнице познания, где каждая ступень превосходится следующей.","Речь больше имени, ум больше речи — лестница, на которой каждое почитаемое знание превосходится следующим, пока подъём не доходит до бесконечного.","О лестнице познания, где каждая ступень превосходится следующей.",retrieval-layer/v1-block1,verified quote (move is a reserve label)
C1053,Упанишады,Чхандогья-упанишада,VIII.1,"В граде Брахмана — теле — есть малый лотос, в нём малое пространство; то, что внутри него, и надо искать и стремиться познать. Самое важное находится в самом малом и внутреннем месте. О поиске высшего в самом малом и сокровенном месте внутри себя.","В граде Брахмана — теле — есть малый лотос, в нём малое пространство; то, что внутри него, и надо искать и стремиться познать. Самое важное находится в самом малом и внутреннем месте.",О поиске высшего в самом малом и сокровенном месте внутри себя.,retrieval-layer/v1-block1,verified quote (move is a reserve label)
C1054,Упанишады,Айтарея-упанишада,II,"Первое рождение Атмана происходит уже в отце: семя, сила, собранная из всех членов, которую человек носит в себе как самого себя. Человек рождается не однажды, а в нескольких рождениях. О нескольких рождениях человека, первое из которых происходит ещё в отце.","Первое рождение Атмана происходит уже в отце: семя, сила, собранная из всех членов, которую человек носит в себе как самого себя. Человек рождается не однажды, а в нескольких рождениях.","О нескольких рождениях человека, первое из которых происходит ещё в отце.",retrieval-layer/v1-block1,verified quote (move is a reserve label)
C1055,Упанишады,Каушитаки-упанишада,I,"Все уходящие из этого мира идут к луне: благодаря их жизненным силам она растёт в одну половину месяца, а в другую заставляет их рождаться снова. Луна названа вратами небесного мира — посмертный путь изображён как переход, где решается, возвращаться ли снова. О пути после смерти и о возвращении в новое рождение.","Все уходящие из этого мира идут к луне: благодаря их жизненным силам она растёт в одну половину месяца, а в другую заставляет их рождаться снова. Луна названа вратами небесного мира — посмертный путь изображён как переход, где решается, возвращаться ли снова.",О пути после смерти и о возвращении в новое рождение.,retrieval-layer/v1-block1,verified quote (move is a reserve label)
C1056,Упанишады,Кена-упанишада,III.1–12,"Бог огня, способный сжечь всё, не может сжечь положенную перед ним травинку и не может узнать, что за дух перед ним. Сила, которой гордятся, бессильна перед неузнанным источником силы. О бессилии самой большой мощи перед неузнанным.","Бог огня, способный сжечь всё, не может сжечь положенную перед ним травинку и не может узнать, что за дух перед ним. Сила, которой гордятся, бессильна перед неузнанным источником силы.",О бессилии самой большой мощи перед неузнанным.,retrieval-layer/v1-block1,verified quote (move is a reserve label)
C1057,Упанишады,Тайттирия-упанишада,I.9,"Должное, правдивость, подвижничество — и к каждому добавлено «изучение с обучением». Всякая добродетель сопровождается собственным учением и передачей учения другим. О соединении правдивости, долга и подвижничества с учением и передачей знания.","Должное, правдивость, подвижничество — и к каждому добавлено «изучение с обучением». Всякая добродетель сопровождается собственным учением и передачей учения другим.","О соединении правдивости, долга и подвижничества с учением и передачей знания.",retrieval-layer/v1-block1,verified quote (move is a reserve label)
C1058,Упанишады,Тайттирия-упанишада,II.4,"Слова вместе с умом отступают, не постигнув блаженства Брахмана; кто знает это блаженство, никогда не испытывает страха. Бесстрашие приходит из того, что не схватывается ни словом, ни мыслью. О бесстрашии, которое приходит из того, что нельзя схватить словом и мыслью.","Слова вместе с умом отступают, не постигнув блаженства Брахмана; кто знает это блаженство, никогда не испытывает страха. Бесстрашие приходит из того, что не схватывается ни словом, ни мыслью.","О бесстрашии, которое приходит из того, что нельзя схватить словом и мыслью.",retrieval-layer/v1-block1,verified quote (move is a reserve label)
C1059,Упанишады,Катха-упанишада,I.1.1–19,"Отец отдаёт в жертву старых коров, которые уже не пьют, не едят траву и не доятся; сын видит, что такой дар безрадостен. Форма жертвы соблюдена, а её смысл пуст — и сын требует последовательности. О формальных дарах и обрядах, лишённых смысла.","Отец отдаёт в жертву старых коров, которые уже не пьют, не едят траву и не доятся; сын видит, что такой дар безрадостен. Форма жертвы соблюдена, а её смысл пуст — и сын требует последовательности.","О формальных дарах и обрядах, лишённых смысла.",retrieval-layer/v1-block1,verified quote (move is a reserve label)
C1060,Упанишады,Катха-упанишада,I.2.23,"Атман постигается не толкованием, не рассудком и не тщательным изучением: он открывается тому, кого сам избирает. Высшее не добывается усилием знания, а открывается. О том, что высшее нельзя заработать учёностью.","Атман постигается не толкованием, не рассудком и не тщательным изучением: он открывается тому, кого сам избирает. Высшее не добывается усилием знания, а открывается.","О том, что высшее нельзя заработать учёностью.",retrieval-layer/v1-block1,verified quote (move is a reserve label)
C1061,Упанишады,Катха-упанишада,II.2.1–2,"Тело — город с одиннадцатью вратами, принадлежащий нерождённому; правя им, он не печалится и, освобождённый, освобождается. Тело понято как владение, а не как сам владелец. О теле как владении, которым правит нерождённое начало.","Тело — город с одиннадцатью вратами, принадлежащий нерождённому; правя им, он не печалится и, освобождённый, освобождается. Тело понято как владение, а не как сам владелец.","О теле как владении, которым правит нерождённое начало.",retrieval-layer/v1-block1,verified quote (move is a reserve label)
C1062,Упанишады,Шветашватара-упанишада,II.8–15,"Держа тело ровно, заключив чувства и ум в сердце, мудрый переправляется на ладье Брахмана через все потоки, несущие страх. Телесная собранность становится переправой через страх. О собранности тела и ума как переправе через страх.","Держа тело ровно, заключив чувства и ум в сердце, мудрый переправляется на ладье Брахмана через все потоки, несущие страх. Телесная собранность становится переправой через страх.",О собранности тела и ума как переправе через страх.,retrieval-layer/v1-block1,verified quote (move is a reserve label)
C1063,Упанишады,Шветашватара-упанишада,III.8–11,"Лишь познав великого пурушу, сияющего по ту сторону мрака, человек выходит за пределы смерти; другого пути нет. Преодоление смерти — через знание, а не через иное средство. О единственном пути за пределы смерти — через знание высшего.","Лишь познав великого пурушу, сияющего по ту сторону мрака, человек выходит за пределы смерти; другого пути нет. Преодоление смерти — через знание, а не через иное средство.",О единственном пути за пределы смерти — через знание высшего.,retrieval-layer/v1-block1,verified quote (move is a reserve label)
C1064,Упанишады,Шветашватара-упанишада,VI.23,"Истины, сказанные здесь, сияют только тому, кто предан богу высшей преданностью и так же предан учителю. Понимание открывается через преданность, а не только через рассудок. О преданности как условии понимания.","Истины, сказанные здесь, сияют только тому, кто предан богу высшей преданностью и так же предан учителю. Понимание открывается через преданность, а не только через рассудок.",О преданности как условии понимания.,retrieval-layer/v1-block1,verified quote (move is a reserve label)
C1065,Упанишады,Майтри-упанишада,II.1–5,"Тело само по себе лишено сознания, как повозка; кто тогда движет им и делает его как бы мыслящим? Тело ставится под вопрос как то, что легко принять за себя. О загадке того, что оживляет тело.","Тело само по себе лишено сознания, как повозка; кто тогда движет им и делает его как бы мыслящим? Тело ставится под вопрос как то, что легко принять за себя.","О загадке того, что оживляет тело.",retrieval-layer/v1-block1,verified quote (move is a reserve label)
C1066,Упанишады,Майтри-упанишада,III–IV,"Душа, связанная с первоэлементами, зависит от свойств природы и из-за этой зависимости приходит к ослеплению: она не видит в себе великого владыку, побуждающего к действиям. О слепоте, которую порождает зависимость от свойств природы.","Душа, связанная с первоэлементами, зависит от свойств природы и из-за этой зависимости приходит к ослеплению: она не видит в себе великого владыку, побуждающего к действиям.","О слепоте, которую порождает зависимость от свойств природы.",retrieval-layer/v1-block1,verified quote (move is a reserve label)
C1067,Упанишады,Иша-упанишада,2,"Постоянно совершая свои деяния, стремись прожить сотню лет: таков путь, на котором деяние не прилипает к человеку. Полная деятельная жизнь не противопоставлена свободе — свобода в том, что дело не привязывается к делающему. О полной деятельной жизни, в которой поступки не связывают человека.","Постоянно совершая свои деяния, стремись прожить сотню лет: таков путь, на котором деяние не прилипает к человеку. Полная деятельная жизнь не противопоставлена свободе — свобода в том, что дело не привязывается к делающему.","О полной деятельной жизни, в которой поступки не связывают человека.",retrieval-layer/v1-block1,verified quote (move is a reserve label)
C1068,Упанишады,Иша-упанишада,12–14,"Знать вместе и проявление, и уничтожение: через уничтожение переходят смерть, через проявление достигают бессмертия. Ни одно из двух нельзя взять отдельно. О соединении противоположного — проявления и уничтожения.","Знать вместе и проявление, и уничтожение: через уничтожение переходят смерть, через проявление достигают бессмертия. Ни одно из двух нельзя взять отдельно.",О соединении противоположного — проявления и уничтожения.,retrieval-layer/v1-block1,verified quote (move is a reserve label)
C1069,Упанишады,Мундака-упанишада,I.1.6,"Непреходящее невидимо, непостижимо, без рода и цвета, без глаз, ушей, рук и ног — и в нём мудрые видят источник всех существ. Источник всего описан через отсутствие всех признаков. О невидимом источнике всего живого.","Непреходящее невидимо, непостижимо, без рода и цвета, без глаз, ушей, рук и ног — и в нём мудрые видят источник всех существ. Источник всего описан через отсутствие всех признаков.",О невидимом источнике всего живого.,retrieval-layer/v1-block1,verified quote (move is a reserve label)
C1070,Упанишады,Мундака-упанишада,II.1,"Как из пылающего огня тысячами вылетают подобные ему искры, так из неуничтожимого рождаются различные существа и в него же возвращаются. Многое имеет природу того единого, из которого возникло. О возникновении многого из единого и возвращении в него.","Как из пылающего огня тысячами вылетают подобные ему искры, так из неуничтожимого рождаются различные существа и в него же возвращаются. Многое имеет природу того единого, из которого возникло.",О возникновении многого из единого и возвращении в него.,retrieval-layer/v1-block1,verified quote (move is a reserve label)
C1071,Упанишады,Прашна-упанишада,III,"Жизненное дыхание рождается из Атмана и простёрто в нём, как тень в человеке; в тело оно входит действием ума. Даже дыхание — не первое, а производное от Атмана. О происхождении жизненной силы из Атмана.","Жизненное дыхание рождается из Атмана и простёрто в нём, как тень в человеке; в тело оно входит действием ума. Даже дыхание — не первое, а производное от Атмана.",О происхождении жизненной силы из Атмана.,retrieval-layer/v1-block1,verified quote (move is a reserve label)
C1072,Упанишады,Прашна-упанишада,V,"Кто размышляет лишь над одной частью слога Ом, тот быстро достигает земли и мира людей, где в подвижничестве и вере ощущает величие. Плод практики соразмерен тому, на чём сосредоточен человек: частичное созерцание даёт частичный результат. О соразмерности плода практики тому, на чём сосредоточен человек.","Кто размышляет лишь над одной частью слога Ом, тот быстро достигает земли и мира людей, где в подвижничестве и вере ощущает величие. Плод практики соразмерен тому, на чём сосредоточен человек: частичное созерцание даёт частичный результат.","О соразмерности плода практики тому, на чём сосредоточен человек.",retrieval-layer/v1-block1,verified quote (move is a reserve label)
C1073,Упанишады,Мандукья-упанишада,8–12,"Атман соотнесён со звуком Аум: части звука — стопы Атмана, а стопы — части: звук «а», звук «у», звук «м». Строение слога служит картой строения Я. О строении священного слова, отражающем строение Я.","Атман соотнесён со звуком Аум: части звука — стопы Атмана, а стопы — части: звук «а», звук «у», звук «м». Строение слога служит картой строения Я.","О строении священного слова, отражающем строение Я.",retrieval-layer/v1-block1,verified quote (move is a reserve label)
